mesh_name,texture_name
export_00_船体色,D:\output\はるかぜ型護衛艦\harukaze_split.fbm\color_船体色.png
export_01_甲板色,D:\output\はるかぜ型護衛艦\harukaze_split.fbm\color_甲板色.png
export_02_艦底色,D:\output\はるかぜ型護衛艦\harukaze_split.fbm\color_艦底色.png
export_03_防眩色,D:\output\はるかぜ型護衛艦\harukaze_split.fbm\color_防眩色.png
export_04_真鍮,D:\output\はるかぜ型護衛艦\harukaze_split.fbm\color_真鍮.png
export_05_銀,D:\output\はるかぜ型護衛艦\harukaze_split.fbm\color_銀.png
export_06_黒鉄色,D:\output\はるかぜ型護衛艦\harukaze_split.fbm\color_黒鉄色.png
export_08_白,D:\output\はるかぜ型護衛艦\harukaze_split.fbm\color_白.png
export_09_信号灯,D:\output\はるかぜ型護衛艦\harukaze_split.fbm\color_信号灯.png
export_10_信号灯赤,D:\output\はるかぜ型護衛艦\harukaze_split.fbm\color_信号灯赤.png
export_11_信号灯緑,D:\output\はるかぜ型護衛艦\harukaze_split.fbm\color_信号灯緑.png
export_12_赤外フィルター,D:\output\はるかぜ型護衛艦\harukaze_split.fbm\color_赤外フィルター.png
export_13_ガラス,D:\output\はるかぜ型護衛艦\harukaze_split.fbm\color_ガラス.png
export_14_手摺,D:\output\はるかぜ型護衛艦\harukaze_split.fbm\handrail.png
export_15_金網,D:\output\はるかぜ型護衛艦\harukaze_split.fbm\mesh.png
export_16_ヘッジホッグ,D:\output\はるかぜ型護衛艦\harukaze_split.fbm\color_ヘッジホッグ.png
HexShroud,C:\Users\kjjkjj\Desktop\a912a52a-7002-4b63-a0fc-26fac632acda.png
Object856,
Cylindr055,
Tube563_01,D:\output\N1_rocket\c3.png
Bo_te766,
Object617,D:\output\N1_rocket\c6.png
Bo_te711,D:\output\N1_rocket\c3.png
Tube569,D:\output\N1_rocket\c6.png
Cylindr550,
Bo_te244,
Object844,
Bo_te782,
Cylindr692,D:\output\N1_rocket\c1.png
Bo_te257,
Bo_te809,
Bo_te344,
Bo_te771,
Bo_te631,
Cylindr164,
Cylindr665,D:\output\N1_rocket\c1.png
Cylindr699,D:\output\N1_rocket\c1.png
Bo_te689,D:\output\N1_rocket\c3.png
Bo_te1069,
Tube554_01,D:\output\N1_rocket\c3.png
Object581,D:\output\N1_rocket\c6.png
Bo_te376,
Tube572_01,D:\output\N1_rocket\c3.png
Cylindr026,D:\output\N1_rocket\c1.png
Bo_te314,
Bo_te305,
Bo_te350,
Tube560_01,D:\output\N1_rocket\c3.png
Tube73,D:\output\N1_rocket\c4.png
Bo_te768,
Bo_te1525,D:\output\N1_rocket\c1.png
Bo_te331,
Bo_te773,
Bo_te36,
Tube557,D:\output\N1_rocket\c6.png
Cylindr185,D:\output\N1_rocket\c6.png
Bo_te737,D:\output\N1_rocket\c3.png
Bo_te842,
Bo_te262,
Bo_te310,
Bo_te661,
Bo_te794,
Cylindr641,D:\output\N1_rocket\c1.png
Tube45,
Bo_te808,
Cylindr412,D:\output\N1_rocket\c5.png
Cylindr222,
Cylindr685,D:\output\N1_rocket\c1.png
Bo_te672,
Bo_te338,
Tube57,D:\output\N1_rocket\c6.png
Object833,
Bo_te263,
Bo_te306,
Bo_te829,
Bo_te762,
Tube575,D:\output\N1_rocket\c6.png
Cylindr596,D:\output\N1_rocket\c1.png
Bo_te621,
Bo_te801,
Tube563,D:\output\N1_rocket\c6.png
Tube464,
Cylindr008,
Bo_te806,
C_ne84,D:\output\N1_rocket\c6.png
Bo_te642,
Bo_te255,
Bo_te836,
Cylindr718,
Cylindr028,D:\output\N1_rocket\c1.png
C_ne98,D:\output\N1_rocket\c6.png
Cylindr696,D:\output\N1_rocket\c1.png
Bo_te691,D:\output\N1_rocket\c3.png
Cylindr068,D:\output\N1_rocket\c1.png
Object396,D:\output\N1_rocket\c6.png
Bo_te16,D:\output\N1_rocket\c1.png
Bo_te272,
Bo_te720,D:\output\N1_rocket\c3.png
Cylindr662,D:\output\N1_rocket\c1.png
C_ne81,D:\output\N1_rocket\c6.png
Bo_te663,
Object736,D:\output\N1_rocket\c1.png
Bo_te335,
Cylindr506,
Bo_te820,
Tube572,D:\output\N1_rocket\c6.png
Bo_te726,
Cylindr298,D:\output\N1_rocket\c5.png
Bo_te679,
Cylindr093,D:\output\N1_rocket\c1.png
Bo_te633,
Bo_te698,D:\output\N1_rocket\c3.png
Cylindr211,
Bo_te753,D:\output\N1_rocket\c3.png
Tube550,D:\output\N1_rocket\c6.png
Bo_te357,
Bo_te366,
Object583,D:\output\N1_rocket\c6.png
Bo_te38,
Cylindr080,D:\output\N1_rocket\c1.png
Cylindr014,D:\output\N1_rocket\c1.png
Object560,D:\output\N1_rocket\c6.png
Bo_te719,D:\output\N1_rocket\c3.png
Bo_te632,
Cylindr417,D:\output\N1_rocket\c1.png
Cylindr714,D:\output\N1_rocket\c1.png
Object555,D:\output\N1_rocket\c6.png
Bo_te345,
C_ne89,D:\output\N1_rocket\c6.png
Tube11_001,D:\output\N1_rocket\c3.png
mesh16,D:\output\N1_rocket\c1.png
Bo_te649,
Object18,D:\output\N1_rocket\c1.png
Cylindr231,D:\output\N1_rocket\c1.png
C_ne78,D:\output\N1_rocket\c6.png
Capsule21,
Bo_te654,
Object576,D:\output\N1_rocket\c6.png
Tube576_01,D:\output\N1_rocket\c3.png
Capsule76,D:\output\N1_rocket\c5.png
Bo_te50,D:\output\N1_rocket\c1.png
Bo_te279,
Tube552,D:\output\N1_rocket\c6.png
Cylindr084,D:\output\N1_rocket\c1.png
Object02,
Bo_te383,
Cylindr196,D:\output\N1_rocket\c6.png
Cylindr106,D:\output\N1_rocket\c1.png
Bo_te744,D:\output\N1_rocket\c3.png
Object611,D:\output\N1_rocket\c6.png
Bo_te358,
Object602,D:\output\N1_rocket\c6.png
Object564,D:\output\N1_rocket\c6.png
Noeud_tor2,
Sph_re121,
Bo_te285,
Bo_te324,
Cylindr155,D:\output\N1_rocket\c1.png
Bo_te372,
Cylindr046,
Bo_te373,
Object604,D:\output\N1_rocket\c6.png
Cylindr059,D:\output\N1_rocket\c1.png
Tube549_00,D:\output\N1_rocket\c3.png
Tube575_01,D:\output\N1_rocket\c3.png
Bo_te21,
Object843,
Bo_te781,
Cylindr691,D:\output\N1_rocket\c1.png
Bo_te256,
C_ne96,D:\output\N1_rocket\c6.png
Bo_te343,
Bo_te294,
Bo_te717,D:\output\N1_rocket\c3.png
Bo_te630,
Cylindr162,
Cylindr663,D:\output\N1_rocket\c1.png
Bo_te1063,D:\output\N1_rocket\c6.png
Cylindr067,D:\output\N1_rocket\c1.png
Tube554_00,D:\output\N1_rocket\c3.png
Bo_te680,
Tube572_00,D:\output\N1_rocket\c3.png
Bo_te359,
Cylindr091,D:\output\N1_rocket\c1.png
Tube559,D:\output\N1_rocket\c6.png
Bo_te304,
Bo_te35,
Bo_te380,
Bo_te377,
Cylindr144,D:\output\N1_rocket\c1.png
Objet08,
Tube61,D:\output\N1_rocket\c3.png
Bo_te767,
Bo_te741,D:\output\N1_rocket\c3.png
Tube388,D:\output\N1_rocket\c6.png
Bo_te15,D:\output\N1_rocket\c1.png
Bo_te330,
Bo_te772,
VIFS142,D:\output\N1_rocket\c1.png
Tube556_01,D:\output\N1_rocket\c3.png
Bo_te248,
Cylindr591,D:\output\N1_rocket\c1.png
Cylindr184,D:\output\N1_rocket\c6.png
C_ne75,D:\output\N1_rocket\c6.png
Bo_te736,D:\output\N1_rocket\c3.png
Object818,D:\output\N1_rocket\c1.png
Bo_te261,
Bo_te309,
Bo_te793,
Cylindr638,D:\output\N1_rocket\c1.png
Tube44,D:\output\N1_rocket\c6.png
Object842,
Bo_te807,
Bo_te249,
Cylindr683,D:\output\N1_rocket\c1.png
Bo_te671,
Bo_te337,
Tube569_01,D:\output\N1_rocket\c3.png
Bo_te837,
Object414,D:\output\N1_rocket\c6.png
Bo_te828,
Bo_te778,
Tube574_01,D:\output\N1_rocket\c3.png
Cylindr595,D:\output\N1_rocket\c1.png
Bo_te268,
Bo_te757,D:\output\N1_rocket\c3.png
Bo_te356,
Bo_te354,
Bo_te800,
Tube562_01,D:\output\N1_rocket\c3.png
Object601,D:\output\N1_rocket\c6.png
Tube463,
Cylindr182,D:\output\N1_rocket\c6.png
Object582,D:\output\N1_rocket\c6.png
Cylindr007,D:\output\N1_rocket\c6.png
Bo_te821,
Object544,D:\output\N1_rocket\c6.png
Bo_te714,D:\output\N1_rocket\c3.png
Cylindr177,D:\output\N1_rocket\c6.png
C_ne83,D:\output\N1_rocket\c6.png
Cylindr326,D:\output\N1_rocket\c1.png
Bo_te254,
Object563,D:\output\N1_rocket\c6.png
C_ne97,D:\output\N1_rocket\c6.png
Object606,D:\output\N1_rocket\c6.png
Bo_te690,D:\output\N1_rocket\c3.png
Object395,D:\output\N1_rocket\c6.png
Tube577_00,D:\output\N1_rocket\c3.png
Cylindr656,D:\output\N1_rocket\c1.png
Bo_te662,
Object677,D:\output\N1_rocket\c3.png
Object542,D:\output\N1_rocket\c6.png
Cylindr434,D:\output\N1_rocket\c1.png
Bo_te819,
C_ne102,D:\output\N1_rocket\c6.png
Tube571_01,D:\output\N1_rocket\c3.png
Bo_te725,
Cylindr241,D:\output\N1_rocket\c1.png
Cylindr092,D:\output\N1_rocket\c1.png
Cylindr117,D:\output\N1_rocket\c1.png
Cylindr039,
Bo_te697,D:\output\N1_rocket\c3.png
Cylindr210,
Bo_te752,D:\output\N1_rocket\c3.png
Sph_re130,D:\output\N1_rocket\c6.png
Cylindr216,
Tube54,D:\output\N1_rocket\c1.png
Bo_te319,
Cylindr079,D:\output\N1_rocket\c1.png
Cylindr013,D:\output\N1_rocket\c1.png
Bo_te270,
Bo_te293,
Object554,D:\output\N1_rocket\c6.png
Tube566_00,D:\output\N1_rocket\c3.png
Cylindr024,D:\output\N1_rocket\c1.png
Tube11,D:\output\N1_rocket\c6.png
Bo_te648,
Object17,D:\output\N1_rocket\c1.png
Object839,
Capsule20,
Bo_te653,
Object575,D:\output\N1_rocket\c6.png
Object406,D:\output\N1_rocket\c6.png
Capsule29,
Bo_te813,
Cylindr304,
Bo_te278,
Object411,D:\output\N1_rocket\c6.png
Cylindre95,D:\output\N1_rocket\c1.png
Cylindr082,D:\output\N1_rocket\c1.png
Bo_te754,D:\output\N1_rocket\c3.png
Noeud_tor8,
Cylindr703,D:\output\N1_rocket\c1.png
Bo_te382,
Cylindr195,D:\output\N1_rocket\c6.png
Bo_te32,
Cylindr105,D:\output\N1_rocket\c1.png
Cylindr708,
Object579,D:\output\N1_rocket\c6.png
Object854,
Bo_te704,D:\output\N1_rocket\c3.png
Bo_te818,
Tube559_01,D:\output\N1_rocket\c3.png
Object594,D:\output\N1_rocket\c6.png
Bo_te709,D:\output\N1_rocket\c3.png
Cylindr060,D:\output\N1_rocket\c1.png
Cylindr174,D:\output\N1_rocket\c6.png
Bo_te371,
Cylindr058,D:\output\N1_rocket\c1.png
Tube549,D:\output\N1_rocket\c6.png
Cylindr021,
Tore29,D:\output\N1_rocket\c6.png
Bo_te639,
Bo_te780,
Cylindr690,D:\output\N1_rocket\c1.png
C_ne95,D:\output\N1_rocket\c6.png
Object847,
Cylindr605,
Object391,D:\output\N1_rocket\c6.png
Object547,D:\output\N1_rocket\c6.png
Bo_te63,
Cylindr161,
Tube579,
Bo_te684,
Bo_te311,
Bo_te87,D:\output\N1_rocket\c1.png
Bo_te04,D:\output\N1_rocket\c1.png
Cylindr066,D:\output\N1_rocket\c1.png
Cylindr036,
Bo_te374,
Cylindr090,D:\output\N1_rocket\c1.png
Tube558_01,D:\output\N1_rocket\c3.png
Bo_te303,
Bo_te349,
Tube554,D:\output\N1_rocket\c6.png
Bo_te44,
Bo_te708,D:\output\N1_rocket\c3.png
Cylindr300,D:\output\N1_rocket\c5.png
Cylindr009,
Bo_te363,
Tube60,
Tube565_00,D:\output\N1_rocket\c3.png
Bo_te14,D:\output\N1_rocket\c1.png
Bo_te33,D:\output\N1_rocket\c6.png
Etoile04,D:\output\N1_rocket\c4.png
Tube556_00,D:\output\N1_rocket\c3.png
Object836,
Bo_te624,
Cylindr590,D:\output\N1_rocket\c1.png
Object599,D:\output\N1_rocket\c6.png
Cylindr224,D:\output\N1_rocket\c1.png
Objet07,
Bo_te787,
Bo_te735,D:\output\N1_rocket\c3.png
Bo_te260,
Cylindr127,D:\output\N1_rocket\c1.png
Bo_te792,
Tube43,
Object567,D:\output\N1_rocket\c6.png
Object407,D:\output\N1_rocket\c6.png
Cylindr170,D:\output\N1_rocket\c6.png
Bo_te751,D:\output\N1_rocket\c3.png
Cylindr700,D:\output\N1_rocket\c1.png
Cylindr682,D:\output\N1_rocket\c1.png
Bo_te670,
Cylindr175,D:\output\N1_rocket\c6.png
Cylindr654,D:\output\N1_rocket\c1.png
Bo_te686,D:\output\N1_rocket\c3.png
Bo_te827,
Tube574_00,D:\output\N1_rocket\c3.png
Cylindr594,
Bo_te339,
Bo_te267,
Object591,D:\output\N1_rocket\c6.png
Cylindr171,D:\output\N1_rocket\c6.png
Object616,D:\output\N1_rocket\c6.png
Bo_te799,
Tube562_00,D:\output\N1_rocket\c3.png
Tube462,
Bo_te638,
Cylindr006,
Bo_te814,
C_ne99,D:\output\N1_rocket\c6.png
Tube551_00,D:\output\N1_rocket\c3.png
Noeud_tor4,
C_ne82,D:\output\N1_rocket\c6.png
Bo_te253,
Bo_te834,
Object399,D:\output\N1_rocket\c6.png
Bo_te381,
Tube380,D:\output\N1_rocket\c1.png
Bo_te681,
Bo_te843,
Object394,D:\output\N1_rocket\c6.png
Bo_te308,
Object849,
Bo_te315,
Cylindr655,D:\output\N1_rocket\c1.png
Objet46,
Object637,
Object418,D:\output\N1_rocket\c6.png
Cylindr425,D:\output\N1_rocket\c1.png
Bo_te677,
Object546,D:\output\N1_rocket\c6.png
Tube578,
Tube571_00,D:\output\N1_rocket\c3.png
Object593,D:\output\N1_rocket\c6.png
Bo_te724,D:\output\N1_rocket\c3.png
Object834,
Bo_te705,D:\output\N1_rocket\c3.png
Cylindr295,D:\output\N1_rocket\c5.png
Object852,
Cylindr296,D:\output\N1_rocket\c5.png
Bo_te264,
Tube565_01,D:\output\N1_rocket\c3.png
Bo_te696,D:\output\N1_rocket\c3.png
Cylindr602,D:\output\N1_rocket\c1.png
Cylindr204,D:\output\N1_rocket\c6.png
Cylindr044,
Object562,D:\output\N1_rocket\c6.png
Tube51,
Bo_te318,
Cylindr220,
Cylindr012,D:\output\N1_rocket\c1.png
Bo_te282,
Object858,
Bo_te292,
Object553,D:\output\N1_rocket\c6.png
Object848,
Objet09,
Tube08,D:\output\N1_rocket\c1.png
Bo_te647,
Object09,
Bo_te622,
Object569,D:\output\N1_rocket\c6.png
Cylindr719,
Cylindr189,D:\output\N1_rocket\c6.png
Cylindr029,D:\output\N1_rocket\c1.png
Cylindr633,D:\output\N1_rocket\c1.png
Bo_te652,
Tube558,D:\output\N1_rocket\c6.png
Cylindr697,D:\output\N1_rocket\c1.png
Object574,D:\output\N1_rocket\c6.png
Object405,D:\output\N1_rocket\c6.png
Capsule28,
Object551,D:\output\N1_rocket\c6.png
Cylindr396,D:\output\N1_rocket\c1.png
Bo_te668,
Bo_te336,
Cylindr242,D:\output\N1_rocket\c1.png
Bo_te296,
Object588,D:\output\N1_rocket\c6.png
Noeud_tor7,
Cylindr056,
Bo_te731,D:\output\N1_rocket\c3.png
Cylindr194,D:\output\N1_rocket\c6.png
Bo_te342,
Cylindr172,D:\output\N1_rocket\c6.png
Cylindr098,D:\output\N1_rocket\c1.png
Cylindr707,
Bo_te634,
Bo_te703,D:\output\N1_rocket\c3.png
Bo_te817,
Cylindr051,
Bo_te283,
Bo_te370,
Tube568,D:\output\N1_rocket\c6.png
Cylindr020,
Cylindr158,
Object841,
Bo_te779,
Bo_te721,D:\output\N1_rocket\c3.png
Bo_te346,
Cylindr689,D:\output\N1_rocket\c1.png
Tube392,D:\output\N1_rocket\c6.png
Object846,
Tube03,D:\output\N1_rocket\c1.png
Object390,D:\output\N1_rocket\c6.png
Cylindr232,D:\output\N1_rocket\c1.png
Bo_te1527,D:\output\N1_rocket\c5.png
Bo_te629,
Cylindr160,
Bo_te659,
Object831,
Bo_te619,
Bo_te790,
Cylindr065,D:\output\N1_rocket\c1.png
Tube553_01,D:\output\N1_rocket\c3.png
Bo_te678,
Tube564_01,D:\output\N1_rocket\c3.png
Bo_te759,
Bo_te840,
Cylindr089,D:\output\N1_rocket\c1.png
Tube558_00,D:\output\N1_rocket\c3.png
Bo_te302,
Cylindr539,
Bo_te42,
Cylindr715,D:\output\N1_rocket\c1.png
Bo_te355,
Cylindr217,
Object855,
Objet01,
Tube59,
Tube565,D:\output\N1_rocket\c6.png
Bo_te137,
Sph_re122,
Bo_te329,
Bo_te838,
Cylindr047,
Tube556,D:\output\N1_rocket\c6.png
Tube551,D:\output\N1_rocket\c6.png
Object598,D:\output\N1_rocket\c6.png
Cylindr025,D:\output\N1_rocket\c1.png
Object586,D:\output\N1_rocket\c6.png
Bo_te786,
Bo_te734,D:\output\N1_rocket\c3.png
Bo_te26,
Bo_te307,
Object853,
Object548,D:\output\N1_rocket\c6.png
Bo_te718,D:\output\N1_rocket\c3.png
Bo_te45,
Tube394,
Cylindr169,
Cylindr239,D:\output\N1_rocket\c1.png
Cylindr681,D:\output\N1_rocket\c1.png
Bo_te669,
Cylindr052,
C_ne88,D:\output\N1_rocket\c6.png
Object828,
Capsule13,D:\output\N1_rocket\c1.png
Bo_te685,
Bo_te826,
Cylindr635,D:\output\N1_rocket\c1.png
Tube574,D:\output\N1_rocket\c6.png
Cylindr592,D:\output\N1_rocket\c1.png
Cylindr587,D:\output\N1_rocket\c1.png
Cylindr705,D:\output\N1_rocket\c1.png
Cylindr306,
Object615,D:\output\N1_rocket\c6.png
Tube585,
Bo_te798,
Tube562,D:\output\N1_rocket\c6.png
Bo_te378,
VIFS123,D:\output\N1_rocket\c3.png
Cylindr005,
Cylindr712,D:\output\N1_rocket\c1.png
Bo_te742,D:\output\N1_rocket\c3.png
Tube389,D:\output\N1_rocket\c6.png
Noeud_tor3,
Tore30,D:\output\N1_rocket\c6.png
VIFS143,
Bo_te252,
Object561,D:\output\N1_rocket\c6.png
Cylindr229,D:\output\N1_rocket\c1.png
C_ne76,D:\output\N1_rocket\c6.png
Object605,D:\output\N1_rocket\c6.png
Tube379,
Tube576,D:\output\N1_rocket\c6.png
C_ne101,D:\output\N1_rocket\c6.png
Bo_te660,
Bo_te1528,D:\output\N1_rocket\c5.png
Tube461,D:\output\N1_rocket\c1.png
Cylindr397,D:\output\N1_rocket\c1.png
Object415,D:\output\N1_rocket\c6.png
Bo_te727,
Bo_te676,
Object545,D:\output\N1_rocket\c6.png
Tube571,D:\output\N1_rocket\c6.png
Bo_te723,D:\output\N1_rocket\c3.png
Cylindr289,D:\output\N1_rocket\c5.png
Bo_te748,D:\output\N1_rocket\c3.png
Cylindr203,D:\output\N1_rocket\c6.png
Bo_te758,
Cylindr042,
Bo_te835,
Bo_te805,
Tube504,
Bo_te317,
Cylindr183,D:\output\N1_rocket\c6.png
C_ne72,D:\output\N1_rocket\c6.png
Object552,D:\output\N1_rocket\c6.png
Bo_te822,
Bo_te351,
Tube07,D:\output\N1_rocket\c1.png
Cylindr337,D:\output\N1_rocket\c1.png
Bo_te646,
Cylindr601,D:\output\N1_rocket\c1.png
Bo_te84,D:\output\N1_rocket\c5.png
Capsule16,
Bo_te651,
Bo_te695,D:\output\N1_rocket\c3.png
Bo_te28,
Object573,D:\output\N1_rocket\c6.png
Object402,D:\output\N1_rocket\c6.png
Capsule25,
Bo_te276,
Bo_te667,
Noeud_tor6,
Tube582,
Tube576_00,D:\output\N1_rocket\c3.png
Bo_te730,
Cylindr193,D:\output\N1_rocket\c6.png
Bo_te375,
Cylindr097,D:\output\N1_rocket\c1.png
Cylindr032,
Bo_te702,D:\output\N1_rocket\c3.png
Cylindr050,
Bo_te707,D:\output\N1_rocket\c3.png
Bo_te37,
Sph_re46,D:\output\N1_rocket\c6.png
Tube390,
Bo_te323,
Tube567_01,D:\output\N1_rocket\c3.png
Plan01,D:\output\N1_rocket\c4.png
C_ne73,D:\output\N1_rocket\c6.png
Cylindr018,
Bo_te271,
Bo_te19,
Bo_te637,
Object559,D:\output\N1_rocket\c6.png
Cylindr688,D:\output\N1_rocket\c1.png
C_ne93,D:\output\N1_rocket\c6.png
Bo_te340,
Tube205,D:\output\N1_rocket\c1.png
Object381,D:\output\N1_rocket\c1.png
Object840,
Cylindr393,D:\output\N1_rocket\c1.png
Bo_te628,
Bo_te658,
Bo_te367,
Cylindr000,D:\output\N1_rocket\c1.png
Bo_te03,D:\output\N1_rocket\c6.png
Cylindr064,D:\output\N1_rocket\c1.png
Tube553_00,D:\output\N1_rocket\c3.png
Cylindr088,D:\output\N1_rocket\c1.png
Cylindr022,
Bo_te755,D:\output\N1_rocket\c3.png
Object08,
Bo_te301,
Tube560,D:\output\N1_rocket\c6.png
Bo_te41,
Object845,
Bo_te694,D:\output\N1_rocket\c3.png
Tube568_01,D:\output\N1_rocket\c3.png
Tube01,D:\output\N1_rocket\c1.png
Bo_te320,
Cylindr040,
Object580,D:\output\N1_rocket\c6.png
Bo_te361,
Tube587,
Bo_te763,
Bo_te289,
Bo_te133,
Object595,D:\output\N1_rocket\c6.png
Bo_te328,
Tube555_01,D:\output\N1_rocket\c3.png
Cylindr583,
Cylindr181,D:\output\N1_rocket\c6.png
Bo_te247,
Bo_te785,
Bo_te277,
Bo_te733,D:\output\N1_rocket\c3.png
Cylindr074,D:\output\N1_rocket\c1.png
Bo_te259,
Bo_te347,
Capsule17,
Bo_te364,
Tube393,D:\output\N1_rocket\c6.png
Cylindr612,D:\output\N1_rocket\c1.png
Cylindr528,
Cylindr167,
Cylindr669,D:\output\N1_rocket\c1.png
Tube58,
C_ne100,D:\output\N1_rocket\c6.png
Object590,D:\output\N1_rocket\c6.png
Bo_te312,
Cylindr077,D:\output\N1_rocket\c1.png
Cylindr071,D:\output\N1_rocket\c1.png
Cylindr037,
Bo_te745,D:\output\N1_rocket\c3.png
Bo_te379,
Bo_te825,
Tube573_01,D:\output\N1_rocket\c3.png
Cylindr031,
Cylindr030,D:\output\N1_rocket\c1.png
Bo_te47,
Object614,D:\output\N1_rocket\c6.png
Bo_te797,
Tube561_01,D:\output\N1_rocket\c3.png
Bo_te286,
Cylindr176,D:\output\N1_rocket\c6.png
Tube77,
Cylindr004,D:\output\N1_rocket\c5.png
Cylindr235,D:\output\N1_rocket\c1.png
Bo_te776,
C_ne80,D:\output\N1_rocket\c6.png
Cylindr370,
Bo_te251,
Cylindr188,D:\output\N1_rocket\c6.png
Cylindr225,D:\output\N1_rocket\c1.png
Bo_te687,D:\output\N1_rocket\c3.png
Bo_te740,D:\output\N1_rocket\c3.png
Bo_te313,
Cylindr651,D:\output\N1_rocket\c1.png
Object621,D:\output\N1_rocket\c6.png
Tube46,D:\output\N1_rocket\c1.png
Object620,D:\output\N1_rocket\c6.png
Object568,D:\output\N1_rocket\c6.png
Bo_te811,
Cylindr415,D:\output\N1_rocket\c1.png
Tube559_00,D:\output\N1_rocket\c3.png
Bo_te675,
Bo_te816,
Tube570_01,D:\output\N1_rocket\c3.png
Cylindr278,D:\output\N1_rocket\c1.png
Bo_te832,
Cylindr600,D:\output\N1_rocket\c1.png
Tube581,
Cylindr202,D:\output\N1_rocket\c6.png
Object592,D:\output\N1_rocket\c6.png
Bo_te804,
Tube503,
Bo_te316,
Cylindr076,D:\output\N1_rocket\c1.png
Bo_te715,D:\output\N1_rocket\c3.png
Bo_te274,
Tube551_01,D:\output\N1_rocket\c3.png
Tube05,
Cylindr228,D:\output\N1_rocket\c1.png
C_ne87,D:\output\N1_rocket\c6.png
Bo_te645,
Tube577,D:\output\N1_rocket\c6.png
Bo_te839,
Cylindr623,
Tube391,D:\output\N1_rocket\c6.png
Object572,D:\output\N1_rocket\c6.png
Bo_te844,
Capsule23,
Bo_te275,
Bo_te666,
Cylindr033,
Tube584,
Noeud_tor5,
Bo_te823,
Bo_te729,D:\output\N1_rocket\c3.png
Bo_te623,
Cylindr192,D:\output\N1_rocket\c6.png
Bo_te706,D:\output\N1_rocket\c3.png
Cylindr096,D:\output\N1_rocket\c1.png
Bo_te265,
Tube566,D:\output\N1_rocket\c6.png
Bo_te701,D:\output\N1_rocket\c3.png
Bo_te765,
Cylindr215,
Cylindre93,D:\output\N1_rocket\c1.png
Bo_te281,
Bo_te369,
Object819,D:\output\N1_rocket\c1.png
Bo_te322,
Tube567_00,D:\output\N1_rocket\c3.png
Cylindr017,D:\output\N1_rocket\c1.png
Cylindr221,
Object859,
Bo_te636,
Object558,D:\output\N1_rocket\c6.png
Cylindr687,D:\output\N1_rocket\c1.png
C_ne92,D:\output\N1_rocket\c6.png
Tube13,
Bo_te770,
Bo_te627,
Bo_te657,
Cylindr698,D:\output\N1_rocket\c1.png
Capsule76_,
Bo_te195,D:\output\N1_rocket\c1.png
Cylindr063,D:\output\N1_rocket\c1.png
Tube553,D:\output\N1_rocket\c6.png
Object07,
Bo_te300,
Cylindr057,
Bo_te40,
Cylindr073,D:\output\N1_rocket\c1.png
Cylindr199,D:\output\N1_rocket\c6.png
Bo_te747,D:\output\N1_rocket\c3.png
Bo_te360,
Tube564_00,D:\output\N1_rocket\c3.png
Bo_te1071,
Bo_te288,
Tube550_01,D:\output\N1_rocket\c3.png
Bo_te327,
Tube555_00,D:\output\N1_rocket\c3.png
Tube550_00,D:\output\N1_rocket\c3.png
Cylindr159,
Bo_te246,
Bo_te784,
Bo_te732,D:\output\N1_rocket\c3.png
Bo_te841,
Cylindr694,D:\output\N1_rocket\c1.png
Bo_te258,
Object851,
Bo_te789,
Tube04,D:\output\N1_rocket\c4.png
Cylindr166,
Cylindr668,D:\output\N1_rocket\c1.png
Object589,D:\output\N1_rocket\c6.png
Object832,
Bo_te620,
Bo_te791,
Cylindr070,D:\output\N1_rocket\c1.png
Bo_te683,
Bo_te824,
Bo_te641,
Tube573_00,D:\output\N1_rocket\c3.png
Bo_te760,
Tube56,
Bo_te46,
Bo_te352,
Tube561_00,D:\output\N1_rocket\c3.png
C_ne94,D:\output\N1_rocket\c6.png
Object613,D:\output\N1_rocket\c6.png
Tube76,D:\output\N1_rocket\c1.png
Cylindr002,D:\output\N1_rocket\c5.png
Bo_te756,D:\output\N1_rocket\c3.png
Cylindr233,D:\output\N1_rocket\c1.png
Sph_re123,
Bo_te775,
C_ne79,D:\output\N1_rocket\c6.png
Cylindr048,
Tube557_01,D:\output\N1_rocket\c3.png
Bo_te250,
Cylindr716,
Cylindr187,D:\output\N1_rocket\c6.png
Object587,D:\output\N1_rocket\c6.png
Bo_te739,D:\output\N1_rocket\c3.png
Object835,
Bo_te348,
Cylindr153,D:\output\N1_rocket\c1.png
Bo_te796,
Cylindr643,D:\output\N1_rocket\c1.png
Tube459,D:\output\N1_rocket\c1.png
Object619,D:\output\N1_rocket\c6.png
Bo_te810,
Cylindr299,D:\output\N1_rocket\c5.png
Bo_te334,
Cylindr240,D:\output\N1_rocket\c1.png
Cylindr414,D:\output\N1_rocket\c5.png
Bo_te674,
Bo_te815,
Cylindr053,
Object596,D:\output\N1_rocket\c6.png
Tube570_00,D:\output\N1_rocket\c3.png
Cylindr267,D:\output\N1_rocket\c1.png
Cylindr637,D:\output\N1_rocket\c1.png
Bo_te831,
Tube577_01,D:\output\N1_rocket\c3.png
Cylindr598,D:\output\N1_rocket\c1.png
Cylindr200,D:\output\N1_rocket\c6.png
Cylindr359,
Tube549_01,D:\output\N1_rocket\c3.png
Tube586,
Bo_te34,
Bo_te803,
Tube50,
Cylindr075,D:\output\N1_rocket\c1.png
C_ne13,D:\output\N1_rocket\c6.png
Cylindr180,D:\output\N1_rocket\c6.png
Cylindr713,D:\output\N1_rocket\c1.png
Cylindr010,
Bo_te743,D:\output\N1_rocket\c3.png
C_ne86,D:\output\N1_rocket\c6.png
Bo_te644,
VIFS144,
Cylindr230,D:\output\N1_rocket\c1.png
Object566,D:\output\N1_rocket\c6.png
Bo_te812,
Cylindr620,
Bo_te693,D:\output\N1_rocket\c3.png
Object571,D:\output\N1_rocket\c6.png
Object398,D:\output\N1_rocket\c6.png
Object827,
Cylindr390,D:\output\N1_rocket\c1.png
Cylindr250,
Bo_te665,
Object817,D:\output\N1_rocket\c1.png
Cylindr398,D:\output\N1_rocket\c1.png
Cylindr305,
Object550,D:\output\N1_rocket\c6.png
Bo_te728,
Cylindr191,D:\output\N1_rocket\c6.png
Cylindr249,
Cylindr095,D:\output\N1_rocket\c1.png
Bo_te353,
Object610,D:\output\N1_rocket\c6.png
Bo_te700,D:\output\N1_rocket\c3.png
Cylindr214,D:\output\N1_rocket\c1.png
Noeud_tor1,
Cylindre92,D:\output\N1_rocket\c1.png
Bo_te280,
Sph_re03,
Cylindr045,
Cylindr219,
Object603,D:\output\N1_rocket\c6.png
Object585,D:\output\N1_rocket\c6.png
Tube567,D:\output\N1_rocket\c6.png
Cylindr023,D:\output\N1_rocket\c1.png
Cylindr016,D:\output\N1_rocket\c1.png
Object340,
C_ne77,D:\output\N1_rocket\c6.png
Object838,
Object557,D:\output\N1_rocket\c6.png
Cylindr686,D:\output\N1_rocket\c1.png
C_ne91,D:\output\N1_rocket\c6.png
Bo_te716,D:\output\N1_rocket\c3.png
Tube12,
Object28,
Bo_te626,
Cylindr237,D:\output\N1_rocket\c1.png
Bo_te656,
Object578,D:\output\N1_rocket\c6.png
Cylindr078,D:\output\N1_rocket\c1.png
Capsule761,D:\output\N1_rocket\c5.png
Tube552_01,D:\output\N1_rocket\c3.png
Cylindr630,D:\output\N1_rocket\c1.png
Cylindr572,
Cylindr086,D:\output\N1_rocket\c1.png
Bo_te749,D:\output\N1_rocket\c3.png
Bo_te299,
Tube583,
Bo_te39,D:\output\N1_rocket\c1.png
Cylindr198,D:\output\N1_rocket\c6.png
Bo_te713,D:\output\N1_rocket\c3.png
Cylindr138,D:\output\N1_rocket\c1.png
Bo_te746,D:\output\N1_rocket\c3.png
Cylindr041,
Cylindr087,D:\output\N1_rocket\c1.png
Object857,
Cylindr709,D:\output\N1_rocket\c1.png
Tube564,D:\output\N1_rocket\c6.png
Bo_te341,
Tube381,
Bo_te712,D:\output\N1_rocket\c3.png
Bo_te326,
Tore02,
VIFS124,D:\output\N1_rocket\c3.png
Tube555,D:\output\N1_rocket\c6.png
Tube569_00,D:\output\N1_rocket\c3.png
Cylindr561,
Bo_te333,
Tube02,
Bo_te783,
Cylindre99,D:\output\N1_rocket\c1.png
Tube575_00,D:\output\N1_rocket\c3.png
Cylindr693,D:\output\N1_rocket\c1.png
Object850,
Bo_te788,
C_ne74,D:\output\N1_rocket\c6.png
Cylindr395,D:\output\N1_rocket\c1.png
Cylindr165,
Cylindr666,D:\output\N1_rocket\c1.png
Bo_te332,
Bo_te368,
Bo_te1070,
Object413,D:\output\N1_rocket\c6.png
Cylindr069,D:\output\N1_rocket\c1.png
Bo_te682,
Bo_te266,
Bo_te777,
Tube573,D:\output\N1_rocket\c6.png
Etoile19,D:\output\N1_rocket\c4.png
Cylindr701,D:\output\N1_rocket\c1.png
Cylindr303,D:\output\N1_rocket\c6.png
Objet48,
Tube560_00,D:\output\N1_rocket\c3.png
Bo_te833,
Object612,D:\output\N1_rocket\c6.png
Tube561,D:\output\N1_rocket\c6.png
Object600,D:\output\N1_rocket\c6.png
Bo_te321,
Object06,
Tube74,
Cylindr001,
Bo_te769,
Object543,D:\output\N1_rocket\c6.png
Bo_te1526,D:\output\N1_rocket\c5.png
Bo_te290,
Noeud_tor0,
Tube557_00,D:\output\N1_rocket\c3.png
Bo_te25,
Tube568_00,D:\output\N1_rocket\c3.png
Cylindr186,D:\output\N1_rocket\c6.png
Bo_te738,D:\output\N1_rocket\c3.png
Cylindr149,D:\output\N1_rocket\c1.png
Bo_te795,
Cylindr642,D:\output\N1_rocket\c1.png
Cylindr238,D:\output\N1_rocket\c1.png
Tube457,D:\output\N1_rocket\c1.png
Object618,D:\output\N1_rocket\c6.png
Bo_te291,
Object412,D:\output\N1_rocket\c6.png
Cylindr413,D:\output\N1_rocket\c5.png
Tube580,
Bo_te673,
Cylindr178,D:\output\N1_rocket\c6.png
Tube570,D:\output\N1_rocket\c6.png
Cylindr049,
Cylindr236,D:\output\N1_rocket\c1.png
Cylindr038,
Bo_te830,
Cylindr706,D:\output\N1_rocket\c1.png
Cylindr597,D:\output\N1_rocket\c1.png
Tube26,
Cylindr348,D:\output\N1_rocket\c1.png
Bo_te802,
Tube563_00,D:\output\N1_rocket\c3.png
Tube47,D:\output\N1_rocket\c1.png
Bo_te287,
Bo_te710,D:\output\N1_rocket\c3.png
C_ne71,D:\output\N1_rocket\c6.png
Bo_te269,
Cylindr226,D:\output\N1_rocket\c1.png
Cylindr307,D:\output\N1_rocket\c6.png
C_ne85,D:\output\N1_rocket\c6.png
Bo_te643,
Object565,D:\output\N1_rocket\c6.png
Bo_te325,
Cylindr616,
Cylindr227,D:\output\N1_rocket\c1.png
Bo_te692,D:\output\N1_rocket\c3.png
Object570,D:\output\N1_rocket\c6.png
Bo_te365,
Object397,D:\output\N1_rocket\c6.png
Cylindre90,D:\output\N1_rocket\c1.png
Cylindr380,D:\output\N1_rocket\c6.png
Object410,D:\output\N1_rocket\c6.png
Plan02,D:\output\N1_rocket\c4.png
Object739,
Bo_te774,
Cylindre94,D:\output\N1_rocket\c1.png
Cylindr517,
Cylindr702,D:\output\N1_rocket\c1.png
Object549,D:\output\N1_rocket\c6.png
Object597,D:\output\N1_rocket\c6.png
Bo_te273,
Bo_te245,
Cylindr245,D:\output\N1_rocket\c1.png
Cylindr094,D:\output\N1_rocket\c1.png
Bo_te297,
Bo_te699,D:\output\N1_rocket\c3.png
Cylindr213,D:\output\N1_rocket\c1.png
Cylindre91,D:\output\N1_rocket\c1.png
Cylindr173,D:\output\N1_rocket\c6.png
Cylindr061,D:\output\N1_rocket\c1.png
Cylindr218,
Object584,D:\output\N1_rocket\c6.png
Tube566_01,D:\output\N1_rocket\c3.png
Bo_te750,D:\output\N1_rocket\c3.png
Cylindr081,D:\output\N1_rocket\c1.png
Cylindr015,D:\output\N1_rocket\c1.png
Bo_te688,D:\output\N1_rocket\c3.png
Bo_te295,
Bo_te640,
Object837,
Object556,D:\output\N1_rocket\c6.png
C_ne90,D:\output\N1_rocket\c6.png
Capsule14,D:\output\N1_rocket\c1.png
Tube11_002,D:\output\N1_rocket\c3.png
Bo_te362,
Bo_te650,
Object23,
Bo_te625,
Bo_te722,D:\output\N1_rocket\c3.png
Bo_te655,
Object577,D:\output\N1_rocket\c6.png
Bo_te85,D:\output\N1_rocket\c1.png
Capsule760,D:\output\N1_rocket\c5.png
Bo_te664,
Cylindr401,D:\output\N1_rocket\c1.png
Cylindr035,
Tube552_00,D:\output\N1_rocket\c3.png
Cylindr085,D:\output\N1_rocket\c1.png
Object05,
Bo_te298,
Bo_te384,
Bo_te284,
Cylindr197,D:\output\N1_rocket\c6.png
Cylindr710,D:\output\N1_rocket\c1.png
