# Archive names for PS4 MBON (CUSA15006). Generated by tools/build_ps4_name_tables.py; do not edit by hand.
# Names: EXVS Mod Project VS2 / Over Boost name map (kjjkjjzyayufqza); common FHM assets: descatal / BoostStudio (https://github.com/descatal/BoostStudio).
hash	route	name	group	source	title
1BC41B9E	009gui	hudidtable	tables	vs2-meta	HUD ID Table
2FBC5CED	010localizedtext	commandlist	text	vs2-meta	Command List Text
C9D206AA	010localizedtext	out	text	vs2-meta	Outgame Text
1212B83E	010localizedtext	system	text	vs2-meta	System Text
367CF942	012list	boss_list	lists	vs2-meta	Boss List
DFD38C70	012list	character_list	lists	vs2-meta	Character List
6FCC0FBA	012list	navi_list	lists	vs2-meta	Navi List
E6902738	012list	pilot_list	lists	vs2-meta	Pilot List
B7367090	012list	series_list	lists	vs2-meta	Series List
CE74091E	012list	stage_list	lists	vs2-meta	Stage List
C8A33B52	012list	titleplatetable	lists	vs2-meta	Title Plate Table
C5E73FE8	012list	zako_list	lists	vs2-meta	Zako List
F7B91DE7	051mission	outmission	mission	vs2-meta	Mission Briefings
A073DA71	051mission	sceneidtable	mission	vs2-meta	Scene ID Table
E1CB8FB0	060navi	naviactiontable	tables	vs2-meta	Navi Action Table
8C428AF2	090sound	090sound	common	vs2-meta	Pilot Voice Table
036B9E67	800etcetera	characteridtable	tables	vs2-meta	Character ID Table
232B8111	800etcetera	commandlist	tables	vs2-meta	Command List
264D1CA7	800etcetera	raw_path_id	tables	vs2-meta	Raw Path ID
3DD6DC78	common	ammo	boost_studio	boost-studio	Ammo
511A264D	common	arcade_select_small_sprites	boost_studio	boost-studio	Arcade Select Small Sprites
6AAD7190	common	arcade_select_unit_name_sprites	boost_studio	boost-studio	Arcade Select Unit Name Sprites
BD5D12ED	common	camera_configs	boost_studio	boost-studio	Camera Configs
34F85A51	common	common_effect_particles	boost_studio	boost-studio	Common Effect Particles
FABAA98C	common	common_effects	boost_studio	boost-studio	Common Effects
CCABBB3B	common	cosmetic_info	boost_studio	boost-studio	Cosmetic Info
DC38B066	common	figurine_sprites	boost_studio	boost-studio	Figurine Sprites
DF3B4191	common	hitboxes	boost_studio	boost-studio	Hitboxes
EB3A9691	common	list_info	boost_studio	boost-studio	List Info
A2A919E5	common	map_select_sprites	boost_studio	boost-studio	Map Select Sprites
AEB4F916	common	projectiles	boost_studio	boost-studio	Projectiles
35E01A85	common	series_logo_sprites	boost_studio	boost-studio	Series Logo Sprites
4207FFFA	common	series_logo_sprites_2	boost_studio	boost-studio	Series Logo Sprites 2
2C7FA9A9	common	text_strings	boost_studio	boost-studio	Text Strings
3BEC3AA5	common	unit_cost_info	boost_studio	boost-studio	Unit Cost Info
8A1C3423	009gui	ac_common		vs2-meta	
6D814DBB	009gui	briefing		vs2-meta	
616F4CA9	009gui	charainfo		vs2-meta	
C5774849	009gui	continue		vs2-meta	
4299E057	009gui	eu_head		vs2-meta	
A793477C	009gui	flash_attract_title_title		vs2-meta	
C97B052E	009gui	flash_ingamehud_custom_hud_000		vs2-meta	
CEBD97DA	009gui	flash_livemonitor_tournament_result		vs2-meta	
87C32726	009gui	gameover		vs2-meta	
1D1D547E	009gui	intrude		vs2-meta	
2D4A4259	009gui	mode_symbol_001		vs2-meta	
279D5D96	009gui	ms_ms_s_random		vs2-meta	
0FD13D9E	009gui	ms_vs_l_random		vs2-meta	
775FF5F0	009gui	ms_vs_l_unknown		vs2-meta	
135D6C13	009gui	ms_vs_r_unknown		vs2-meta	
0255A27A	009gui	navi_window		vs2-meta	
BF0205E7	009gui	ranking		vs2-meta	
A0253AA0	009gui	ser_ms		vs2-meta	
ED0A958D	009gui	staff_roll		vs2-meta	
04F4B2A6	009gui	vs_p_l_random		vs2-meta	
10601D9E	009gui	white		vs2-meta	
B6EFF54E	020common	logo		vs2-meta	
77197DDE	091waveform	config		vs2-meta	
F4595DA2	091waveform	se_battle_01		vs2-meta	
8AF55175	091waveform	se_stage_01		vs2-meta	
5044A8AB	091waveform	se_stage_amb_01		vs2-meta	
EDBF551E	091waveform	se_system_01		vs2-meta	
7DC29671	091waveform	se_system_out_01		vs2-meta	
