series_id,unit_id,variant,cam_name,game_namespace,vtable_addr,slot1_execute
,,,.?AVCCmdActionManager_Anchor@GAM@VDK@@,EXVS2,0x1415D4D40,0x14068E280
,,,.?AVCCmdActionManager_AssistHuunsaikiAbstract@EXVS2@@,EXVS2,0x1415FDB90,0x14068E280
,,,.?AVCCmdActionManager_AttachAbstract@GAM@VDK@@,EXVS2,0x1415D5360,0x14068E280
,,,.?AVCCmdActionManager_AttachReturn@GAM@VDK@@,EXVS2,0x1415D5DF8,0x14068E280
,,,.?AVCCmdActionManager_AttachToRadicon@GAM@VDK@@,EXVS2,0x1415D5F98,0x14068E280
,,,.?AVCCmdActionManager_AttachToRadiconReturn@GAM@VDK@@,EXVS2,0x1415D6030,0x14068E280
,,,.?AVCCmdActionManager_Boomerang@GAM@VDK@@,EXVS2,0x1415D4720,0x14068E280
,,,.?AVCCmdActionManager_Detonator@GAM@VDK@@,EXVS2,0x1415D4C70,0x14068E280
,,,.?AVCCmdActionManager_FreeFall@GAM@VDK@@,EXVS2,0x1415D3FC8,0x14068E280
,,,.?AVCCmdActionManager_FreeFall_Interaction@GAM@VDK@@,EXVS2,0x1415D45D0,0x14068E280
,,,.?AVCCmdActionManager_FreeFly@GAM@VDK@@,EXVS2,0x1415D49A0,0x14068E280
,,,.?AVCCmdActionManager_PutObj@GAM@VDK@@,EXVS2,0x1415D4450,0x14068E280
,,,.?AVCCmdActionManager_Radicon@GAM@VDK@@,EXVS2,0x1415D3F58,0x14068E280
,,,.?AVCCmdActionManager_Relay@GAM@VDK@@,EXVS2,0x1415DD258,0x14068E280
,,,.?AVCCmdActionManager_ShockHalo@GAM@VDK@@,EXVS2,0x1415D47C8,0x14068E280
,,,.?AVCCmdActionManager_StickAdapter@GAM@VDK@@,EXVS2,0x14134AE58,0x14068E280
,,,.?AVCCmdActionManager_Sticker@GAM@VDK@@,EXVS2,0x1415D4670,0x14068E280
,,,.?AVCCmdActionManager_StickerConnectLazer@GAM@VDK@@,EXVS2,0x1415D5930,0x14068E280
,,,.?AVCCmdActionManager_Summon@GAM@VDK@@,EXVS2,0x1415D4E60,0x14068E280
,,,.?AVCCmdActionManager_SummonDefence@GAM@VDK@@,EXVS2,0x14163D098,0x14068E280
,,,.?AVCCmdActionManager_SummonDefenceFormation@GAM@VDK@@,EXVS2,0x1415D5870,0x14068E280
,,,.?AVCCmdActionManager_SummonGrap@GAM@VDK@@,EXVS2,0x1415DDAD0,0x14068E280
,,,.?AVCCmdActionManager_SummonRush@GAM@VDK@@,EXVS2,0x1415D4F28,0x14068E280
,,,.?AVCCmdActionManager_SummonRushAttackNormal@GAM@VDK@@,EXVS2,0x1415D5198,0x14068E280
,,,.?AVCCmdActionManager_SummonRushShot@GAM@VDK@@,EXVS2,0x1415D5058,0x14068E280
,,,.?AVCCmdActionManager_SummonSlide@GAM@VDK@@,EXVS2,0x1415D5280,0x14068E280
,,,.?AVCCmdActionManager_SummonTukimatoi@GAM@VDK@@,EXVS2,0x14163E528,0x14068E280
,,,.?AVCCmdActionManager_SummonTukimatoiAndAction@GAM@VDK@@,EXVS2,0x1416F9B98,0x14068E280
,,,.?AVCCmdActionManager_Throw@GAM@VDK@@,EXVS2,0x1415D4080,0x14068E280
,,,.?AVCCmdActionManager_ThrowMortar@GAM@VDK@@,EXVS2,0x1415D4BA0,0x14068E280
,,,.?AVCCmdActionManager_ThrowPillar@GAM@VDK@@,EXVS2,0x1415D4A58,0x14068E280
,,,.?AVCCmdActionManager_ThrowReturn@GAM@VDK@@,EXVS2,0x1415D5ED0,0x14068E280
,,,.?AVCCmdActionManager_ThrowStopRotateOnStick@GAM@VDK@@,EXVS2,0x1415D4530,0x14068E280
000COMMON,000COMMON,001,DelayExplosion,EXVS2,0x141639AD8,0x14068E280
000COMMON,000COMMON,001,StickSaber,EXVS2,0x141639C40,0x14068E280
000COMMON,000COMMON,001,ThrowSaber,EXVS2,0x1415E78E8,0x14068E280
000COMMON,000COMMON,001,ThrowSaberRolling,EXVS2,0x1415E3E98,0x14068E280
001GUNDAM,001GUNDAM,001,HammerShot,EXVS2,0x141639FD8,0x14068E280
001GUNDAM,001GUNDAM,001,NapalmBomb,EXVS2,0x141639E00,0x14068E280
001GUNDAM,001GUNDAM,001,ThrowShield,EXVS2,0x141639EE0,0x14068E280
001GUNDAM,001GUNDAM,002,HammerShot,EXVS2,0x14163A268,0x14068E280
001GUNDAM,001GUNDAM,002,NapalmBomb,EXVS2,0x14163A090,0x14068E280
001GUNDAM,001GUNDAM,002,ThrowShield,EXVS2,0x14163A170,0x14068E280
001GUNDAM,002CHRGEL,001,BeamNaginata,EXVS2,0x14163A320,0x14068E280
001GUNDAM,002CHRGEL,001,BeamNaginataBoomerang,EXVS2,0x14163A3D8,0x14068E280
001GUNDAM,002CHRGEL,001,BeamnaginataThrow,EXVS2,0x14163A7D8,0x14068E280
001GUNDAM,002CHRGEL,001,HermesBit,EXVS2,0x14163A720,0x14068E280
001GUNDAM,002CHRGEL,001,HermesBody,EXVS2,0x14163A5D8,0x14068E280
001GUNDAM,002CHRGEL,001,HissatsuHermes,EXVS2,0x14163A4E0,0x14068E280
001GUNDAM,003ACGUY0,001,AcguyBall,EXVS2,0x14163A8D8,0x14068E280
001GUNDAM,003ACGUY0,001,AssistAcgAir,EXVS2,0x14163AD60,0x14068E280
001GUNDAM,003ACGUY0,001,AssistAcgGround,EXVS2,0x14163AC68,0x14068E280
001GUNDAM,003ACGUY0,001,AssistAgguyGround,EXVS2,0x14163AB38,0x14068E280
001GUNDAM,003ACGUY0,001,AssistJuagg,EXVS2,0x14163AA38,0x14068E280
001GUNDAM,004ZEONG0,001,HandFly,EXVS2,0x14163AF80,0x14068E280
001GUNDAM,004ZEONG0,001,HandPunch,EXVS2,0x14163AE30,0x14068E280
001GUNDAM,004ZEONG0,001,HeadBeam,EXVS2,0x14163B118,0x14068E280
001GUNDAM,005GYAN00,001,AdzamBeamBody,EXVS2,0x14163B5B8,0x14068E280
001GUNDAM,005GYAN00,001,AdzamBody,EXVS2,0x14163B3D0,0x14068E280
001GUNDAM,005GYAN00,001,AdzamLeader,EXVS2,0x14163B4B0,0x14068E280
001GUNDAM,005GYAN00,001,HydePump,EXVS2,0x14163B1F8,0x14068E280
001GUNDAM,005GYAN00,001,SuibakuMissile,EXVS2,0x14163B2D8,0x14068E280
001GUNDAM,006GMECHA,001,AssistHissatsuGFighter,EXVS2,0x14163B6B8,0x14068E280
001GUNDAM,006GMECHA,001,BullPurge,EXVS2,0x14163B758,0x14068E280
001GUNDAM,006GMECHA,001,MaPurge,EXVS2,0x14163B7F8,0x14068E280
001GUNDAM,007ZAKU2J,001,ThrowRockLarge,EXVS2,0x14163B8E8,0x14068E280
001GUNDAM,007ZAKU2J,001,ThrowRockLargeMortar,EXVS2,0x14163B9A0,0x14068E280
001GUNDAM,008CHARZK,001,StickerExplosion,EXVS2,0x14163BB20,0x14068E280
001GUNDAM,008CHARZK,001,ThrowHeathawk,EXVS2,0x14163BA80,0x14068E280
001GUNDAM,008CHARZK,001,ThrowMeteo,EXVS2,0x14163BC00,0x14068E280
001GUNDAM,010HMZK2M,001,AssistZaku,EXVS2,0x14163BD10,0x14068E280
001GUNDAM,015GCANON,001,ThrowRockLarge,EXVS2,0x14163BED0,0x14068E280
001GUNDAM,015GCANON,001,ThrowRockSmall,EXVS2,0x14163BDF0,0x14068E280
001GUNDAM,016GNTANK,001,ThrowCoreFighter,EXVS2,0x14163BFE0,0x14068E280
001GUNDAM,017DOM000,001,AssistDomGrap,EXVS2,0x14163C220,0x14068E280
001GUNDAM,017DOM000,001,AssistDomHissatsu,EXVS2,0x14163C0F0,0x14068E280
001GUNDAM,017DOM000,001,AssistDomShotSlide,EXVS2,0x14163C310,0x14068E280
001GUNDAM,017DOM000,001,AssistDomTsukimatoiShot,EXVS2,0x14163C408,0x14068E280
001GUNDAM,017DOM000,001,AssistDomWinloseLeft,EXVS2,0x14163C4B8,0x14068E280
002ZGUNDM,001ZGUNDM,001,BeamConfuse,EXVS2,0x14163C578,0x14068E280
002ZGUNDM,002HYAKSK,001,Dodai,EXVS2,0x14163C768,0x14068E280
002ZGUNDM,002HYAKSK,001,Mega,EXVS2,0x14163C808,0x14068E280
002ZGUNDM,002HYAKSK,001,Methuss,EXVS2,0x14163C688,0x14068E280
002ZGUNDM,004THEO00,001,AssistBolinoakSammahn,EXVS2,0x14163D170,0x14068E280
002ZGUNDM,004THEO00,001,AssistPalaceAthene,EXVS2,0x14163CC38,0x14068E280
002ZGUNDM,005GUNMK2,001,GDefenserBody,EXVS2,0x14163D410,0x14068E280
002ZGUNDM,005GUNMK2,001,GDefenserKatu,EXVS2,0x14163D330,0x14068E280
002ZGUNDM,005GUNMK2,001,ThrowKatu,EXVS2,0x14163D250,0x14068E280
002ZGUNDM,006HAMBRB,001,AssistHambrabi,EXVS2,0x14163D500,0x14068E280
002ZGUNDM,006HAMBRB,001,AssistHambrabiAbstract,GAM@VDK,0x14166DBC0,0x14068E280
002ZGUNDM,006HAMBRB,001,UmihebiExplosion,EXVS2,0x14163D5A0,0x14068E280
002ZGUNDM,006HAMBRB,001,UmihebiModoki,EXVS2,0x14163D680,0x14068E280
002ZGUNDM,011RKDIAS,001,MochiLauncher,EXVS2,0x14163D768,0x14068E280
002ZGUNDM,013MARASI,001,AssistMarasai,EXVS2,0x14163D860,0x14068E280
002ZGUNDM,014GABTLY,001,ExplosionSaber,EXVS2,0x14163D900,0x14068E280
002ZGUNDM,018DIJEH0,001,BeamRifleThrow,EXVS2,0x14163D9C0,0x14068E280
002ZGUNDM,018DIJEH0,001,Dodai,EXVS2,0x14163DAA0,0x14068E280
003ZZGNDM,002QUBMK2,001,AssistBawoo,EXVS2,0x14163E298,0x14068E280
003ZZGNDM,002QUBMK2,001,AssistBawooTokimatoiShot,EXVS2,0x14163E5E0,0x14068E280
003ZZGNDM,002QUBMK2,001,FunnelControl,EXVS2,0x14163DE78,0x14068E280
003ZZGNDM,002QUBMK2,001,FunnelFlyShot,EXVS2,0x14163E728,0x14068E280
003ZZGNDM,002QUBMK2,001,FunnelPutAbstract,EXVS2,0x14163DBE8,0x14068E280
003ZZGNDM,002QUBMK2,001,FunnelShot,EXVS2,0x14163DD30,0x14068E280
003ZZGNDM,002QUBMK2,001,FunnelYokoretsuDynamic,EXVS2,0x14163E018,0x14068E280
003ZZGNDM,002QUBMK2,001,HissatsuAutoFunnel,EXVS2,0x14163E410,0x14068E280
003ZZGNDM,002QUBMK2,001,HissatsuFunnel,EXVS2,0x14163E190,0x14068E280
003ZZGNDM,002QUBMK2,001,ResidingObjectQubeleyFunnel,EXVS2,0x14163E7C8,0x14068E280
003ZZGNDM,003QUBELY,001,AssistHammahamma,EXVS2,0x14163F208,0x14068E280
003ZZGNDM,003QUBELY,001,AssistRjarja,EXVS2,0x14163F2F0,0x14068E280
003ZZGNDM,003QUBELY,001,FunnelLaser,EXVS2,0x14163F0F8,0x14068E280
003ZZGNDM,003QUBELY,001,FunnelNet,EXVS2,0x14163EF60,0x14068E280
003ZZGNDM,003QUBELY,001,FunnelPodlaunch,EXVS2,0x14163EC50,0x14068E280
003ZZGNDM,003QUBELY,001,FunnelPutAbstract,EXVS2,0x14163E918,0x14068E280
003ZZGNDM,003QUBELY,001,FunnelStay,EXVS2,0x14163EA68,0x14068E280
003ZZGNDM,003QUBELY,001,HissatsuFunnel,EXVS2,0x14163EDC8,0x14068E280
003ZZGNDM,003QUBELY,001,ResidingObjectQubeleyFunnel,EXVS2,0x14163EB08,0x14068E280
003ZZGNDM,003QUBELY,001,Winlose,EXVS2,0x14163F398,0x14068E280
003ZZGNDM,004ZAK3CM,001,HydePump,EXVS2,0x14163F478,0x14068E280
003ZZGNDM,005ACGYHM,001,AssistAcgAir,EXVS2,0x14163FA18,0x14068E280
003ZZGNDM,005ACGYHM,001,AssistAcgGround,EXVS2,0x14163FB18,0x14068E280
003ZZGNDM,005ACGYHM,001,AssistAgguyGround,EXVS2,0x14163FC18,0x14068E280
003ZZGNDM,005ACGYHM,001,AssistJuagg,EXVS2,0x14163FD30,0x14068E280
003ZZGNDM,006ZGNDRU,001,ShotWireAnchor,EXVS2,0x14163FE00,0x14068E280
003ZZGNDM,012ZZNRML,001,AssistCoreBase,EXVS2,0x14163F920,0x14068E280
003ZZGNDM,012ZZNRML,001,AssistCoreTop,EXVS2,0x14163F828,0x14068E280
003ZZGNDM,012ZZNRML,001,AssistNeoCoreFighter,EXVS2,0x14163F730,0x14068E280
003ZZGNDM,012ZZNRML,001,BunriBottom,EXVS2,0x14163F550,0x14068E280
003ZZGNDM,012ZZNRML,001,HissatsuPartsAbstract,EXVS2,0x14163F638,0x14068E280
003ZZGNDM,013QUB2BL,001,FunnelFlyShot,EXVS2,0x1416408E0,0x14068E280
003ZZGNDM,013QUB2BL,001,FunnelFlyShotUnizon,EXVS2,0x141640A28,0x14068E280
003ZZGNDM,013QUB2BL,001,FunnelShot,EXVS2,0x14163FF98,0x14068E280
003ZZGNDM,013QUB2BL,001,FunnelShotDoubleMove,EXVS2,0x141640130,0x14068E280
003ZZGNDM,013QUB2BL,001,FunnelShotDoubleStay,EXVS2,0x1416402C8,0x14068E280
003ZZGNDM,013QUB2BL,001,FunnelShotUnizonHissatsu,EXVS2,0x141640460,0x14068E280
003ZZGNDM,013QUB2BL,001,FunnelShotUnizonNormal,EXVS2,0x1416405F8,0x14068E280
003ZZGNDM,013QUB2BL,001,WinloseFunnel,EXVS2,0x141640798,0x14068E280
003ZZGNDM,015DVNWLF,001,BeamHandFlySworldSticker,EXVS2,0x141640B80,0x14068E280
003ZZGNDM,015DVNWLF,001,ExplosionSaber,EXVS2,0x141640C20,0x14068E280
003ZZGNDM,015DVNWLF,001,HissatsuSpaceWolfCorps,EXVS2,0x141640D30,0x14068E280
003ZZGNDM,015DVNWLF,001,IncomFly,EXVS2,0x141640F88,0x14068E280
003ZZGNDM,015DVNWLF,001,IncomRelay,EXVS2,0x141641028,0x14068E280
003ZZGNDM,015DVNWLF,001,SwDvnWlfWire,EXVS2,0x141640E40,0x14068E280
003ZZGNDM,015DVNWLF,001,WireExplosion,EXVS2,0x1416410C8,0x14068E280
004GUNF91,002BRGGRS,001,Bagu,EXVS2,0x1416414F8,0x14068E280
004GUNF91,002BRGGRS,001,DenanzonHissatsu,EXVS2,0x1416412D8,0x14068E280
004GUNF91,002BRGGRS,001,DenanzonMachinegun,EXVS2,0x141641600,0x14068E280
004GUNF91,002BRGGRS,001,DenanzonShot,EXVS2,0x141641400,0x14068E280
004GUNF91,002BRGGRS,001,Shotlancer,EXVS2,0x141641180,0x14068E280
005VGUNDM,001V2GNDM,001,MgShield,EXVS2,0x1416416A0,0x14068E280
005VGUNDM,002GUNEZ0,001,AssistGunezMatedefence,EXVS2,0x141641880,0x14068E280
005VGUNDM,002GUNEZ0,001,AssistGunezRush,EXVS2,0x141641D18,0x14068E280
005VGUNDM,002GUNEZ0,001,AssistGunezSelfdefence,EXVS2,0x1416417A0,0x14068E280
005VGUNDM,002GUNEZ0,001,AssistGunezShotMissile,EXVS2,0x141642250,0x14068E280
005VGUNDM,002GUNEZ0,001,AssistGunezShotRifle,EXVS2,0x141642178,0x14068E280
005VGUNDM,002GUNEZ0,001,AssistHexaShot,EXVS2,0x141642548,0x14068E280
005VGUNDM,002GUNEZ0,001,AssistSpGrap,EXVS2,0x141642450,0x14068E280
005VGUNDM,002GUNEZ0,001,AssistSpShot,EXVS2,0x141642358,0x14068E280
005VGUNDM,003GOTRTN,001,V2Shield,EXVS2,0x1416426E0,0x14068E280
005VGUNDM,004VGUNDM,001,TukimatoiParts,EXVS2,0x141643680,0x14068E280
005VGUNDM,012RIGCNT,001,ShotClawFlyRush,EXVS2,0x1416429D0,0x14068E280
005VGUNDM,012RIGCNT,001,ShotClawTsukimatoiSelf,EXVS2,0x141642880,0x14068E280
005VGUNDM,012RIGCNT,001,SpShotClawRush,EXVS2,0x141642B20,0x14068E280
005VGUNDM,012RIGCNT,001,SpShotClawShot,EXVS2,0x141642C68,0x14068E280
005VGUNDM,013GEDLAV,001,AnchorThrowTaiya,EXVS2,0x1416434E0,0x14068E280
005VGUNDM,013GEDLAV,001,TaiyaThrow,EXVS2,0x141643078,0x14068E280
007GUNDMX,001GNDMDX,001,AssistGFalconRushShot,EXVS2,0x141643C18,0x14068E280
007GUNDMX,001GNDMDX,001,AssistGbit,EXVS2,0x141643AF0,0x14068E280
007GUNDMX,001GNDMDX,001,AssistGbitSatellite,EXVS2,0x1416439D8,0x14068E280
007GUNDMX,001GNDMDX,001,BeamJavelin,EXVS2,0x141643828,0x14068E280
007GUNDMX,001GNDMDX,001,GFalconAParts,EXVS2,0x1416438C8,0x14068E280
007GUNDMX,002GNVSCB,001,AutomataAshtaron,EXVS2,0x141643D40,0x14068E280
007GUNDMX,003GUNXDV,001,AssistGbitSatelliteNeet,EXVS2,0x141643EB8,0x14068E280
007GUNDMX,004GUNDMX,001,AssistAirMasterRush,EXVS2,0x141644170,0x14068E280
007GUNDMX,004GUNDMX,001,AssistAirMasterShot,EXVS2,0x141644490,0x14068E280
007GUNDMX,004GUNDMX,001,AssistLeopardRush,EXVS2,0x141644068,0x14068E280
007GUNDMX,004GUNDMX,001,AssistLeopardRushCombo,EXVS2,0x141644280,0x14068E280
007GUNDMX,004GUNDMX,001,AssistLeopardShot,EXVS2,0x141644388,0x14068E280
007GUNDMX,004GUNDMX,001,Microwave,EXVS2,0x141679780,0x14068E280
007GUNDMX,004GUNDMX,002,AssistAirMasterRush,EXVS2,0x1416446A8,0x14068E280
007GUNDMX,004GUNDMX,002,AssistAirMasterShot,EXVS2,0x1416449C8,0x14068E280
007GUNDMX,004GUNDMX,002,AssistLeopardRush,EXVS2,0x1416445A0,0x14068E280
007GUNDMX,004GUNDMX,002,AssistLeopardRushCombo,EXVS2,0x1416447B8,0x14068E280
007GUNDMX,004GUNDMX,002,AssistLeopardShot,EXVS2,0x1416448C0,0x14068E280
007GUNDMX,006BERTIG,001,AssistJuraguGround,EXVS2,0x141644DB8,0x14068E280
007GUNDMX,006BERTIG,001,FunnelFly,EXVS2,0x141644B10,0x14068E280
007GUNDMX,006BERTIG,001,FunnelFlyShot,EXVS2,0x141645140,0x14068E280
007GUNDMX,006BERTIG,001,FunnelNet,EXVS2,0x141644FF8,0x14068E280
007GUNDMX,006BERTIG,001,FunnelShot,EXVS2,0x141644CB0,0x14068E280
007GUNDMX,006BERTIG,001,WinJuragu,EXVS2,0x141644E60,0x14068E280
008GNDM08,001GNDEZ8,001,AssistGmhead,EXVS2,0x141645248,0x14068E280
008GNDM08,001GNDEZ8,001,AssistGngrnd,EXVS2,0x141645350,0x14068E280
008GNDM08,001GNDEZ8,001,AssistHoverTrack,EXVS2,0x141645480,0x14068E280
008GNDM08,001GNDEZ8,001,Webnet,EXVS2,0x141645560,0x14068E280
008GNDM08,002GOUFCS,001,Heatrod,EXVS2,0x141645638,0x14068E280
008GNDM08,002GOUFCS,001,JetcoreBooster,EXVS2,0x141645768,0x14068E280
010TURNAG,001TURNAG,001,HammerShot,EXVS2,0x1416458F8,0x14068E280
010TURNAG,001TURNAG,001,ResidingHammer,EXVS2,0x141645840,0x14068E280
010TURNAG,002TURNX0,001,FunnelBloodySiegeArm,EXVS2,0x141645AF8,0x14068E280
010TURNAG,002TURNX0,001,FunnelBloodySiegeMune,EXVS2,0x14167D358,0x14068E280
010TURNAG,002TURNX0,001,FunnelFly,EXVS2,0x141645C48,0x14068E280
010TURNAG,002TURNX0,001,FunnelPunch,EXVS2,0x141645D98,0x14068E280
010TURNAG,002TURNX0,001,FunnelShot,EXVS2,0x141645F30,0x14068E280
010TURNAG,002TURNX0,001,FunnelShotMahiroo,EXVS2,0x141646080,0x14068E280
010TURNAG,002TURNX0,001,Mahiroo,EXVS2,0x141646188,0x14068E280
010TURNAG,003GDSUMO,001,AssistSilversumoLaser,EXVS2,0x141646510,0x14068E280
010TURNAG,003GDSUMO,001,AssistSilversumoNagiharai,EXVS2,0x141646408,0x14068E280
010TURNAG,003GDSUMO,001,AssistSumoRushUniverse,EXVS2,0x141646620,0x14068E280
010TURNAG,003GDSUMO,001,HissatsuSumo,EXVS2,0x141646300,0x14068E280
010TURNAG,004KAPOOL,001,HammerShot,EXVS2,0x141646720,0x14068E280
010TURNAG,005CRNKPL,001,StickerDash,EXVS2,0x1416468A8,0x14068E280
010TURNAG,005CRNKPL,001,StickerHissatsu,EXVS2,0x1416469E8,0x14068E280
010TURNAG,005CRNKPL,001,StickerHumituke,EXVS2,0x141646948,0x14068E280
010TURNAG,005CRNKPL,001,ThrowMiashei,EXVS2,0x1416467D8,0x14068E280
012POCKET,002ZAK2FZ,001,AssistLinebombContainer,EXVS2,0x141646C98,0x14068E280
012POCKET,002ZAK2FZ,001,GrenadeThrow,EXVS2,0x141646AA0,0x14068E280
012POCKET,002ZAK2FZ,001,LineBombThrow,EXVS2,0x141646D50,0x14068E280
012POCKET,002ZAK2FZ,001,Santa,EXVS2,0x141646BA0,0x14068E280
012POCKET,004KAMPFR,001,ChainMine,EXVS2,0x141646DF0,0x14068E280
013GNDMSM,001GP01FB,001,BParts,EXVS2,0x141646EA0,0x14068E280
013GNDMSM,001GP01FB,001,Bpartsbomb,EXVS2,0x141646F40,0x14068E280
013GNDMSM,003GRBRTT,001,AssistGelgoogmGrap,EXVS2,0x1416471C0,0x14068E280
013GNDMSM,003GRBRTT,001,AssistGelgoogmShot,EXVS2,0x1416472C8,0x14068E280
013GNDMSM,003GRBRTT,001,HissatsuGelgoogm,EXVS2,0x141647090,0x14068E280
013GNDMSM,004GNGP03,001,AssistContainerL,EXVS2,0x141647570,0x14068E280
013GNDMSM,004GNGP03,001,AssistContainerR,EXVS2,0x141647678,0x14068E280
013GNDMSM,004GNGP03,001,BakuhuuExploder,EXVS2,0x141647468,0x14068E280
013GNDMSM,004GNGP03,001,ThrowBakudousakuHead,EXVS2,0x1416473C8,0x14068E280
013GNDMSM,004GNGP03,001,ThrowCluster,EXVS2,0x141647758,0x14068E280
013GNDMSM,004GNGP03,001,ThrowMicroSet,EXVS2,0x141647840,0x14068E280
013GNDMSM,004GNGP03,001,ThrowOrchis,EXVS2,0x141647920,0x14068E280
014GNDM00,001GNEXIA,001,GnDagger,EXVS2,0x141647A00,0x14068E280
014GNDM00,001GNEXIA,001,PurgeGnArmor,EXVS2,0x141647F90,0x14068E280
014GNDM00,001GNEXIA,001,StickerGnArmor,EXVS2,0x141647EB0,0x14068E280
014GNDM00,001GNEXIA,001,ThrowGnShortBlade,EXVS2,0x141647E10,0x14068E280
014GNDM00,002OOGNDM,001,GNDagger,EXVS2,0x141648070,0x14068E280
014GNDM00,002OOGNDM,001,ThrowBlade,EXVS2,0x141648158,0x14068E280
014GNDM00,004CHERDM,001,FunnelAssault,EXVS2,0x141648938,0x14068E280
014GNDM00,004CHERDM,001,FunnelAttachAssault,EXVS2,0x141648C80,0x14068E280
014GNDM00,004CHERDM,001,FunnelFly,EXVS2,0x1416482B8,0x14068E280
014GNDM00,004CHERDM,001,FunnelMateDefense,EXVS2,0x141648618,0x14068E280
014GNDM00,004CHERDM,001,FunnelSelfDefense,EXVS2,0x141648788,0x14068E280
014GNDM00,004CHERDM,001,FunnelShot,EXVS2,0x141648460,0x14068E280
014GNDM00,004CHERDM,001,FunnelTsukimatoiAssault,EXVS2,0x141648BB8,0x14068E280
014GNDM00,004CHERDM,001,Missile,EXVS2,0x141648A18,0x14068E280
014GNDM00,005ARCHEG,001,FangEnemy,EXVS2,0x141648DC8,0x14068E280
014GNDM00,005ARCHEG,001,FangFront,EXVS2,0x141648F60,0x14068E280
014GNDM00,005ARCHEG,001,FangRush,EXVS2,0x141649360,0x14068E280
014GNDM00,005ARCHEG,001,FangSword,EXVS2,0x1416490B0,0x14068E280
014GNDM00,005ARCHEG,001,FungSwordShot,EXVS2,0x141649208,0x14068E280
014GNDM00,006DYNAMS,001,Battery,EXVS2,0x141649460,0x14068E280
014GNDM00,006DYNAMS,001,GuidedMissile1st,EXVS2,0x141649620,0x14068E280
014GNDM00,006DYNAMS,001,GuidedMissile2nd,EXVS2,0x141649700,0x14068E280
014GNDM00,006DYNAMS,001,Missile,EXVS2,0x141649540,0x14068E280
014GNDM00,007REBONS,001,AssistGaga,EXVS2,0x141649B90,0x14068E280
014GNDM00,007REBONS,001,EggnerWhip,EXVS2,0x141649A80,0x14068E280
014GNDM00,007REBONS,001,FinFangSmall,EXVS2,0x1416499A8,0x14068E280
014GNDM00,007REBONS,001,FinFang_Large,EXVS2,0x141649850,0x14068E280
014GNDM00,007REBONS,001,SpwnerAssistGaga,EXVS2,0x141649C30,0x14068E280
014GNDM00,008THDREI,001,AssistThroneEineLaser,EXVS2,0x141649F10,0x14068E280
014GNDM00,008THDREI,001,AssistThroneEineShot,EXVS2,0x141649DF8,0x14068E280
014GNDM00,008THDREI,001,AssistThroneTweiRush,EXVS2,0x14164A038,0x14068E280
014GNDM00,008THDREI,001,AssistThroneTweiShot,EXVS2,0x14164A150,0x14068E280
014GNDM00,008THDREI,001,AssistThroneTweiShotPowerUp,EXVS2,0x14164A3A8,0x14068E280
014GNDM00,008THDREI,001,NotifyStealth,EXVS2,0x141649CD0,0x14068E280
014GNDM00,008THDREI,001,TweiFang,EXVS2,0x14164A2A0,0x14068E280
014GNDM00,009ARIOSG,001,GNArcherBeamShot,EXVS2,0x14164A888,0x14068E280
014GNDM00,009ARIOSG,001,GNArcherComboBeam,EXVS2,0x14164A990,0x14068E280
014GNDM00,009ARIOSG,001,GNArcherComboHissatsu,EXVS2,0x14164ACA8,0x14068E280
014GNDM00,009ARIOSG,001,GNArcherComboRoundLeft,EXVS2,0x14164AA98,0x14068E280
014GNDM00,009ARIOSG,001,GNArcherComboRoundRight,EXVS2,0x14164ABA0,0x14068E280
014GNDM00,009ARIOSG,001,GNArcherTransformToMA,EXVS2,0x14164A680,0x14068E280
014GNDM00,009ARIOSG,001,GNArcherTransformToMS,EXVS2,0x14164A780,0x14068E280
014GNDM00,009ARIOSG,001,GNArcherTsukimatoi,EXVS2,0x14164A490,0x14068E280
014GNDM00,009ARIOSG,001,GNArcherTsukimatoiRecall,EXVS2,0x14164A578,0x14068E280
014GNDM00,009ARIOSG,001,GNArcherWinloseAwake,EXVS2,0x14164ADF8,0x14068E280
014GNDM00,009ARIOSG,001,GNArcherWinloseNormal,EXVS2,0x14164AD50,0x14068E280
014GNDM00,012OOG7SG,001,Anchor,EXVS2,0x14164AF98,0x14068E280
014GNDM00,012OOG7SG,001,AssistDynamesRush,EXVS2,0x14164B738,0x14068E280
014GNDM00,012OOG7SG,001,AssistDynamesShotMissile,EXVS2,0x14164B420,0x14068E280
014GNDM00,012OOG7SG,001,AssistDynamesShotMissile_6_3,EXVS2,0x14164B608,0x14068E280
014GNDM00,012OOG7SG,001,BusterDocking,EXVS2,0x14164AEC8,0x14068E280
014GNDM00,012OOG7SG,001,SpawnerRedlockBullet,EXVS2,0x14164B2E8,0x14068E280
014GNDM00,012OOG7SG,001,ThrowDynamesMissile,EXVS2,0x14164B500,0x14068E280
014GNDM00,012OOG7SG,001,ThrowGNDagger,EXVS2,0x14164B248,0x14068E280
014GNDM00,012OOG7SG,001,ThrowGNQatar,EXVS2,0x14164B078,0x14068E280
014GNDM00,012OOG7SG,001,ThrowGNQatarTwin,EXVS2,0x14164B158,0x14068E280
014GNDM00,012OOG7SG,002,Anchor,EXVS2,0x14164B8D0,0x14068E280
014GNDM00,012OOG7SG,002,AssistDynamesRush,EXVS2,0x14164BD20,0x14068E280
014GNDM00,012OOG7SG,002,AssistDynamesShotMissile,EXVS2,0x14164BA08,0x14068E280
014GNDM00,012OOG7SG,002,AssistDynamesShotMissile_6_3,EXVS2,0x14164BBF0,0x14068E280
014GNDM00,012OOG7SG,002,BusterDocking,EXVS2,0x14164B800,0x14068E280
014GNDM00,012OOG7SG,002,ThrowDynamesMissile,EXVS2,0x14164BAE8,0x14068E280
014GNDM00,012OOG7SG,002,ThrowGNDagger,EXVS2,0x14164BE00,0x14068E280
014GNDM00,014TITAOZ,001,AssistTierenNormalCapture,EXVS2,0x14164BF38,0x14068E280
014GNDM00,014TITAOZ,001,AssistTierenSmirnovCapture,EXVS2,0x14164C0A8,0x14068E280
014GNDM00,014TITAOZ,001,AssistTierenSmirnovHissatsu,EXVS2,0x14164C158,0x14068E280
014GNDM00,014TITAOZ,001,AssistTierenSmirnovRush,EXVS2,0x14164C290,0x14068E280
014GNDM00,014TITAOZ,001,AssistTierenSmirnovTsukimatoi,EXVS2,0x14164C380,0x14068E280
014GNDM00,014TITAOZ,001,CarbonNet,EXVS2,0x14164C470,0x14068E280
014GNDM00,016JAGDAC,001,FungSword,EXVS2,0x14164C5D8,0x14068E280
014GNDM00,016JAGDAC,001,NotifyStealth,EXVS2,0x14164C678,0x14068E280
014GNDM00,017KYRIOS,001,GnShieldClaw,EXVS2,0x14164C748,0x14068E280
014GNDM00,019THEINS,001,TukimatoiTheinsCommon,EXVS2,0x14164C838,0x14068E280
014GNDM00,020THZWEI,001,FangThzwei,EXVS2,0x14164C988,0x14068E280
014GNDM00,020THZWEI,001,FangThzweiSword,EXVS2,0x14164CAD8,0x14068E280
014GNDM00,025GARAZO,001,AssistGaga,EXVS2,0x14164CBE8,0x14068E280
014GNDM00,025GARAZO,001,LosePod,EXVS2,0x14164CCC8,0x14068E280
014GNDM00,026AHEADS,001,ExShotAssistGnArcher,EXVS2,0x14164D3C0,0x14068E280
014GNDM00,026AHEADS,001,ExShotAssistGnx,EXVS2,0x14164D178,0x14068E280
014GNDM00,026AHEADS,001,GrapAssistGnx,EXVS2,0x14164D048,0x14068E280
014GNDM00,026AHEADS,001,Panel,EXVS2,0x14164CDA8,0x14068E280
014GNDM00,026AHEADS,001,PanelFall,EXVS2,0x14164CF18,0x14068E280
014GNDM00,026AHEADS,001,RushAssistGnx,EXVS2,0x14164D2A8,0x14068E280
015GNDMUC,001UNIGUN,001,ShieldFunnel,EXVS2,0x14164D518,0x14068E280
015GNDMUC,001UNIGUN,001,ShieldThrow,EXVS2,0x14164D5D0,0x14068E280
015GNDMUC,002KSHATR,001,FunnelFlyNormal,EXVS2,0x14164DA50,0x14068E280
015GNDMUC,002KSHATR,001,FunnelFlySetPoint,EXVS2,0x14164DBA0,0x14068E280
015GNDMUC,002KSHATR,001,FunnelNet,EXVS2,0x14164D8D0,0x14068E280
015GNDMUC,002KSHATR,001,FunnelNetBase,EXVS2,0x14164D768,0x14068E280
015GNDMUC,002KSHATR,001,FunnelShot,EXVS2,0x14164DD38,0x14068E280
015GNDMUC,002KSHATR,001,FunnelTukimatoiShot,EXVS2,0x14164DE80,0x14068E280
015GNDMUC,003SINANJ,001,Meteo,EXVS2,0x14164E330,0x14068E280
015GNDMUC,003SINANJ,001,MeteoHissatsu,EXVS2,0x14164E4C0,0x14068E280
015GNDMUC,003SINANJ,001,MeteoWall,EXVS2,0x14164E3F8,0x14068E280
015GNDMUC,003SINANJ,001,Meteo_abstract,EXVS2,0x14164E298,0x14068E280
015GNDMUC,006ROZENZ,001,AssistGearaZulu,EXVS2,0x14164EA08,0x14068E280
015GNDMUC,006ROZENZ,001,IncomAnchor,EXVS2,0x14164E7C8,0x14068E280
015GNDMUC,006ROZENZ,001,IncomFly,EXVS2,0x14164E910,0x14068E280
015GNDMUC,006ROZENZ,001,IncomRelay,EXVS2,0x14164E6F8,0x14068E280
015GNDMUC,006ROZENZ,001,IncomShot,EXVS2,0x14164E658,0x14068E280
015GNDMUC,006ROZENZ,001,PsycoJammer,EXVS2,0x14164EB58,0x14068E280
015GNDMUC,006ROZENZ,001,PsycoJammerCore,EXVS2,0x14164ECA8,0x14068E280
015GNDMUC,008FAUNIG,001,AssistHissatsuNorn,EXVS2,0x1416500C0,0x14068E280
015GNDMUC,008FAUNIG,001,AssistNornShot,EXVS2,0x1416501E8,0x14068E280
015GNDMUC,008FAUNIG,001,DetonatorBooster,EXVS2,0x14164F0F8,0x14068E280
015GNDMUC,008FAUNIG,001,FunnelAttachChange,EXVS2,0x14164F268,0x14068E280
015GNDMUC,008FAUNIG,001,FunnelFly,EXVS2,0x14164F4A8,0x14068E280
015GNDMUC,008FAUNIG,001,FunnelFlySword,EXVS2,0x14164F740,0x14068E280
015GNDMUC,008FAUNIG,001,FunnelFly_Double,EXVS2,0x14164F5F0,0x14068E280
015GNDMUC,008FAUNIG,001,FunnelModel,EXVS2,0x14164F358,0x14068E280
015GNDMUC,008FAUNIG,001,FunnelNotify,EXVS2,0x14164F198,0x14068E280
015GNDMUC,008FAUNIG,001,FunnelSankaiBase,EXVS2,0x14164F9C0,0x14068E280
015GNDMUC,008FAUNIG,001,FunnelSankaiSelf,EXVS2,0x14164FB08,0x14068E280
015GNDMUC,008FAUNIG,001,StickerFunnel_Close,EXVS2,0x14164FF40,0x14068E280
015GNDMUC,008FAUNIG,001,StickerFunnel_OpenGreen,EXVS2,0x141650020,0x14068E280
015GNDMUC,008FAUNIG,001,StickerFunnel_OpenRed,EXVS2,0x14164FFB0,0x14068E280
015GNDMUC,008FAUNIG,001,ThrowFunnelDead,EXVS2,0x14164F820,0x14068E280
015GNDMUC,009BANORN,,PsychoFieldEffect,EXVS2,0x141650608,0x14068E280
015GNDMUC,009BANORN,001,RblDivContainer,EXVS2,0x141650568,0x14068E280
015GNDMUC,009BANORN,001,RblHydeContainer,EXVS2,0x141650488,0x14068E280
015GNDMUC,009BANORN,001,RblHydepump,EXVS2,0x1416503A8,0x14068E280
015GNDMUC,009BANORN,001,RblMissile,EXVS2,0x1416502C8,0x14068E280
016GUNDMW,003TALGS3,001,AssistTaurus,EXVS2,0x141650700,0x14068E280
016GUNDMW,003TALGS3,001,AssistTaurusGrap,EXVS2,0x1416508B8,0x14068E280
016GUNDMW,003TALGS3,001,Winlose,EXVS2,0x1416507A8,0x14068E280
016GUNDMW,004DTHELL,001,KamaThrow,EXVS2,0x141650998,0x14068E280
016GUNDMW,004DTHELL,001,TauruswRensha,EXVS2,0x141650AC0,0x14068E280
017GYAKCH,001NEWGUN,001,Funnel,EXVS2,0x141650C10,0x14068E280
017GYAKCH,001NEWGUN,001,FunnelIfiTop,EXVS2,0x141650D88,0x14068E280
017GYAKCH,001NEWGUN,001,FunnelStayShot,EXVS2,0x141651490,0x14068E280
017GYAKCH,001NEWGUN,001,HissatsuFunnel,EXVS2,0x141651250,0x14068E280
017GYAKCH,001NEWGUN,001,PurgeFunnel,EXVS2,0x1416512F0,0x14068E280
017GYAKCH,002SAZABI,001,FunnelFly,EXVS2,0x141651760,0x14068E280
017GYAKCH,002SAZABI,001,FunnelSwarm,EXVS2,0x1416518D8,0x14068E280
017GYAKCH,002SAZABI,001,ThrowHissatsuAxis,EXVS2,0x141651570,0x14068E280
017GYAKCH,003REGZ00,001,BwsPorori,EXVS2,0x1416519D8,0x14068E280
017GYAKCH,003REGZ00,001,Spawner_ThrowPsychoframe,EXVS2,0x141651B58,0x14068E280
017GYAKCH,003REGZ00,001,ThrowPsychoframe,EXVS2,0x141651AB8,0x14068E280
017GYAKCH,004JGDOGA,001,FunnelFly,EXVS2,0x141651CA0,0x14068E280
017GYAKCH,004JGDOGA,001,FunnelShotMissile,EXVS2,0x141651FB0,0x14068E280
017GYAKCH,004JGDOGA,001,GearadogaHissatsu,EXVS2,0x141651DB0,0x14068E280
017GYAKCH,004JGDOGA,001,GearadogaWire,EXVS2,0x141651E90,0x14068E280
017GYAKCH,004JGDOGA,001,NuclearMissile,EXVS2,0x141652090,0x14068E280
017GYAKCH,006NEWHWS,001,AttachChangeKickBackSaber,EXVS2,0x141652200,0x14068E280
017GYAKCH,006NEWHWS,001,AttachChangeSaber,EXVS2,0x141652130,0x14068E280
017GYAKCH,006NEWHWS,001,Funnel,EXVS2,0x141652348,0x14068E280
017GYAKCH,006NEWHWS,001,FunnelAttachChangeWeapon,EXVS2,0x141652698,0x14068E280
017GYAKCH,006NEWHWS,001,FunnelStayShot,EXVS2,0x1416524E8,0x14068E280
017GYAKCH,006NEWHWS,001,MbShieldDocking,EXVS2,0x1416525B0,0x14068E280
017GYAKCH,007NGLRFF,001,DummyBalloon,EXVS2,0x141652A38,0x14068E280
017GYAKCH,007NGLRFF,001,FunnelBoomerang,EXVS2,0x141652958,0x14068E280
017GYAKCH,007NGLRFF,001,FunnelShot,EXVS2,0x141652868,0x14068E280
018GGUNDM,001GODGND,001,AssistHuunsaikiRushKijou,EXVS2,0x141652F10,0x14068E280
018GGUNDM,001GODGND,001,GodShadow,EXVS2,0x141652AD8,0x14068E280
018GGUNDM,001GODGND,001,GodSlash,EXVS2,0x141652BC0,0x14068E280
018GGUNDM,001GODGND,001,KingOfHeart,EXVS2,0x141652CD8,0x14068E280
018GGUNDM,001GODGND,001,Tenkyouken,EXVS2,0x141652DB8,0x14068E280
018GGUNDM,001GODGND,001,XShockWave,EXVS2,0x141652FF8,0x14068E280
018GGUNDM,002DRAGON,001,DragonClaw,EXVS2,0x141653108,0x14068E280
018GGUNDM,002DRAGON,001,DragonclawAnchorMakituki,EXVS2,0x1416533C8,0x14068E280
018GGUNDM,002DRAGON,001,DragonclawAnchorStick,EXVS2,0x141653480,0x14068E280
018GGUNDM,002DRAGON,001,FeilongFlag,EXVS2,0x1416531B0,0x14068E280
018GGUNDM,002DRAGON,001,FeilongFlagCenter,EXVS2,0x141653258,0x14068E280
018GGUNDM,002DRAGON,001,JuzetsuzinFlag,EXVS2,0x1416532F8,0x14068E280
018GGUNDM,003MASTER,001,AssistHeavensswordGrap,EXVS2,0x141653590,0x14068E280
018GGUNDM,003MASTER,001,ChokyuHaouDeneidanDomon,EXVS2,0x141653630,0x14068E280
018GGUNDM,003MASTER,001,MasterClothMakitsuki,EXVS2,0x1416536D0,0x14068E280
018GGUNDM,003MASTER,001,SmallMaster,EXVS2,0x141653820,0x14068E280
018GGUNDM,004SPIEGL,001,AtemiTeppan,EXVS2,0x1416538C0,0x14068E280
018GGUNDM,004SPIEGL,001,Bunsin,EXVS2,0x141653AB0,0x14068E280
018GGUNDM,004SPIEGL,001,BunsinHissatsu,EXVS2,0x141653BB0,0x14068E280
018GGUNDM,004SPIEGL,001,BunsinRush,EXVS2,0x141653D88,0x14068E280
018GGUNDM,004SPIEGL,001,IronNet,EXVS2,0x1416539A0,0x14068E280
018GGUNDM,004SPIEGL,001,PutObj_Bunsin,EXVS2,0x141653C58,0x14068E280
018GGUNDM,005NOBELG,001,RibbonHobaku,EXVS2,0x141653F08,0x14068E280
018GGUNDM,005NOBELG,001,ThrowHulahoop,EXVS2,0x141653E68,0x14068E280
018GGUNDM,006SHINIG,001,AssistKowloonGundamCloth,EXVS2,0x141654050,0x14068E280
018GGUNDM,006SHINIG,001,AssistKowloonGundamDeneidan,EXVS2,0x1416541C0,0x14068E280
018GGUNDM,006SHINIG,001,DeneidanBlastNotifier,EXVS2,0x141654260,0x14068E280
018GGUNDM,006SHINIG,001,ThrowSmokeGrenade,EXVS2,0x141654318,0x14068E280
018GGUNDM,007RISING,001,GodFinger,EXVS2,0x141654428,0x14068E280
018GGUNDM,007RISING,001,GodTyphoon,EXVS2,0x141654588,0x14068E280
018GGUNDM,008MAXTER,001,ThrowSurfBoard,EXVS2,0x141654658,0x14068E280
020GNSEED,001STRIKE,001,AssistSkygrasperAlRushShot,EXVS2,0x141654948,0x14068E280
020GNSEED,001STRIKE,001,AssistSkygrasperLaRushShot,EXVS2,0x141654840,0x14068E280
020GNSEED,001STRIKE,001,AssistSkygrasperSwRush,EXVS2,0x141654A40,0x14068E280
020GNSEED,001STRIKE,001,RocketAnchor,EXVS2,0x141654730,0x14068E280
020GNSEED,002FOBIDN,001,AssistCalamity,EXVS2,0x141654C50,0x14068E280
020GNSEED,002FOBIDN,001,AssistCalamityLaser,EXVS2,0x141654B48,0x14068E280
020GNSEED,002FOBIDN,001,AssistRaider,EXVS2,0x141654E80,0x14068E280
020GNSEED,002FOBIDN,001,AssistRaiderCalamity,EXVS2,0x141655020,0x14068E280
020GNSEED,002FOBIDN,001,AssistRaiderMA,EXVS2,0x141654D80,0x14068E280
020GNSEED,002FOBIDN,001,ReflectBeam,EXVS2,0x141655100,0x14068E280
020GNSEED,002FOBIDN,001,Winlose,EXVS2,0x141654F28,0x14068E280
020GNSEED,003PRVDNC,001,FunnelBeamCurtain,EXVS2,0x141655248,0x14068E280
020GNSEED,003PRVDNC,001,FunnelBeamCurtainRensha,EXVS2,0x141655C70,0x14068E280
020GNSEED,003PRVDNC,001,FunnelLargeStay,EXVS2,0x1416553E8,0x14068E280
020GNSEED,003PRVDNC,001,FunnelSmallFly,EXVS2,0x141655530,0x14068E280
020GNSEED,003PRVDNC,001,FunnelSmallStay,EXVS2,0x1416556C8,0x14068E280
020GNSEED,003PRVDNC,001,FunnelSmallStayShot,EXVS2,0x141655868,0x14068E280
020GNSEED,003PRVDNC,001,GenesisLaser,EXVS2,0x141655EC0,0x14068E280
020GNSEED,003PRVDNC,001,HissatsuFunnelLargeSpear,EXVS2,0x141655DB8,0x14068E280
020GNSEED,003PRVDNC,001,HissatsuFunnelSpear,EXVS2,0x1416559B0,0x14068E280
020GNSEED,003PRVDNC,001,HissatsuFunnelSwarm,EXVS2,0x141655B28,0x14068E280
020GNSEED,004LAGOWE,001,AssistBucueAir,EXVS2,0x141655FC0,0x14068E280
020GNSEED,004LAGOWE,001,AssistBucueGround,EXVS2,0x1416560C0,0x14068E280
020GNSEED,004LAGOWE,001,AssistBucueMissilePod,EXVS2,0x1416561D0,0x14068E280
020GNSEED,004LAGOWE,001,AssistBucueWinlose,EXVS2,0x141656278,0x14068E280
020GNSEED,006DUELAS,001,AssistBusterGundam,EXVS2,0x141656360,0x14068E280
020GNSEED,009BLITZG,001,Anchor,EXVS2,0x141656430,0x14068E280
020GNSEED,009BLITZG,001,GurRelease,EXVS2,0x141656680,0x14068E280
020GNSEED,009BLITZG,001,GurRush,EXVS2,0x141656790,0x14068E280
020GNSEED,009BLITZG,001,ThrowLancerDart,EXVS2,0x141656598,0x14068E280
020GNSEED,009BLITZG,001,ThrowLancerDartAbstract,EXVS2,0x141656510,0x14068E280
020GNSEED,010RAIDER,001,HammerShot,EXVS2,0x141656870,0x14068E280
020GNSEED,010RAIDER,001,NuclearMissile,EXVS2,0x141656950,0x14068E280
020GNSEED,011BUSTER,001,GunLauncherHESH,EXVS2,0x141656A30,0x14068E280
020GNSEED,011BUSTER,001,GunLauncherHESHMine,EXVS2,0x141656B10,0x14068E280
020GNSEED,011BUSTER,001,GurRelease,EXVS2,0x141656CF0,0x14068E280
020GNSEED,011BUSTER,001,GurRush,EXVS2,0x141656C08,0x14068E280
020GNSEED,013JUSTIC,001,BeamBoomerang,EXVS2,0x141656DA0,0x14068E280
020GNSEED,013JUSTIC,001,Lifter,EXVS2,0x141656E58,0x14068E280
020GNSEED,014CALAMT,001,AssistForbiddenRushAttack,EXVS2,0x141657158,0x14068E280
020GNSEED,014CALAMT,001,AssistForbiddenShot,EXVS2,0x141657260,0x14068E280
020GNSEED,014CALAMT,001,AssistGinnShootDown,EXVS2,0x141657048,0x14068E280
020GNSEED,014CALAMT,001,SpAssistForbiddenRushAttack,EXVS2,0x141657378,0x14068E280
020GNSEED,014CALAMT,001,SpAssistRaiderRushAttack,EXVS2,0x141657498,0x14068E280
020GNSEED,014CALAMT,001,ThrowRaider,EXVS2,0x141656F50,0x14068E280
020GNSEED,014CALAMT,001,Winlose,EXVS2,0x141657540,0x14068E280
021DESTNY,001STRKFR,001,FunnelFly,EXVS2,0x141657688,0x14068E280
021DESTNY,001STRKFR,001,FunnelShot,EXVS2,0x1416969C8,0x14068E280
021DESTNY,001STRKFR,001,FunnelWinlose,EXVS2,0x141657808,0x14068E280
021DESTNY,002INJUST,001,GrappleStinger,EXVS2,0x141657988,0x14068E280
021DESTNY,002INJUST,001,Lifter,EXVS2,0x141657A40,0x14068E280
021DESTNY,002INJUST,001,ShiningEdge,EXVS2,0x1416578B8,0x14068E280
021DESTNY,003DESTNY,001,BeamBoomerang,EXVS2,0x141657AF0,0x14068E280
021DESTNY,004GNZKWR,001,AssistForceImpulse,EXVS2,0x141657C18,0x14068E280
021DESTNY,004GNZKWR,001,ThrowGrenade,EXVS2,0x141657CD8,0x14068E280
021DESTNY,005IMPULS,001,AssistHissatsuSFlyer,EXVS2,0x141657FB0,0x14068E280
021DESTNY,005IMPULS,001,DefiantJaberinThrow,EXVS2,0x141657E98,0x14068E280
021DESTNY,005IMPULS,001,PororiExcalibur,EXVS2,0x141658388,0x14068E280
021DESTNY,005IMPULS,001,SasariExcalibur,EXVS2,0x141658428,0x14068E280
021DESTNY,005IMPULS,001,ShieldReflect,EXVS2,0x141657DB8,0x14068E280
021DESTNY,005IMPULS,001,ThrowDagger,EXVS2,0x1416584E8,0x14068E280
021DESTNY,006GAIAGN,001,Meteo,EXVS2,0x1416585D0,0x14068E280
021DESTNY,007LEGEND,001,FunnelFly,EXVS2,0x141658718,0x14068E280
021DESTNY,007LEGEND,001,FunnelSword,EXVS2,0x141658868,0x14068E280
021DESTNY,007LEGEND,001,FunnelTukimatoi,EXVS2,0x141658A08,0x14068E280
021DESTNY,007LEGEND,001,FunnelTukimatoiWinlose,EXVS2,0x141658BA8,0x14068E280
021DESTNY,008IMP2LU,001,AssistDestny,EXVS2,0x141658DE8,0x14068E280
021DESTNY,008IMP2LU,001,BalkanExplosion,EXVS2,0x141658FF8,0x14068E280
021DESTNY,008IMP2LU,001,PororiBlastSilhouette,EXVS2,0x141658F58,0x14068E280
021DESTNY,008IMP2LU,001,PororiExcalibur,EXVS2,0x141658C48,0x14068E280
021DESTNY,008IMP2LU,001,PororiForceSilhouette,EXVS2,0x141658EB8,0x14068E280
021DESTNY,008IMP2LU,001,PororiSwordSilhouette,EXVS2,0x141658CE8,0x14068E280
021DESTNY,009INJ2LA,001,AssistFunnelFly,EXVS2,0x1416596F8,0x14068E280
021DESTNY,009INJ2LA,001,AssistStrkfrDragoon,EXVS2,0x1416595B0,0x14068E280
021DESTNY,009INJ2LA,001,AssistStrkfrFullBurst,EXVS2,0x1416594A0,0x14068E280
021DESTNY,009INJ2LA,001,AssistStrkfrLose,EXVS2,0x1416597F0,0x14068E280
021DESTNY,009INJ2LA,001,AssistStrkfrShot,EXVS2,0x141659390,0x14068E280
021DESTNY,009INJ2LA,001,AssistStrkfrTsukimatoi,EXVS2,0x1416591C8,0x14068E280
021DESTNY,009INJ2LA,001,AssistStrkfrTsukimatoiRefollow,EXVS2,0x141659280,0x14068E280
021DESTNY,009INJ2LA,001,Lifter,EXVS2,0x1416590B0,0x14068E280
021DESTNY,011GFIGNT,001,AssistSaviourShot,EXVS2,0x141659CD0,0x14068E280
021DESTNY,011GFIGNT,001,StickerHeatRodMakitukiAbstract,EXVS2,0x141659890,0x14068E280
021DESTNY,012STROUG,001,AssistMurasame,EXVS2,0x14165A2E0,0x14068E280
021DESTNY,012STROUG,001,AssistMurasameWinlose,EXVS2,0x14165A3D0,0x14068E280
021DESTNY,012STROUG,001,AssistOotori,EXVS2,0x14165A108,0x14068E280
021DESTNY,012STROUG,001,ThrowTaikantou,EXVS2,0x14165A1E8,0x14068E280
021DESTNY,013DES2HE,001,BeamBoomerang,EXVS2,0x14165A480,0x14068E280
021DESTNY,015AKATKI,001,BackpackShot,EXVS2,0x14165AF48,0x14068E280
021DESTNY,015AKATKI,001,FunnelBarrierAbstract,EXVS2,0x14165AB80,0x141066890
021DESTNY,015AKATKI,001,FunnelBarrierMatedefense,EXVS2,0x14165AE18,0x14068E280
021DESTNY,015AKATKI,001,FunnelBarrierSelfdefense,EXVS2,0x14165ACA8,0x14068E280
021DESTNY,015AKATKI,001,FunnelFlyAbstract,EXVS2,0x14165A688,0x14068E280
021DESTNY,015AKATKI,001,FunnelFlyHissatsu,EXVS2,0x14165A7D0,0x14068E280
021DESTNY,015AKATKI,001,FunnelShotFullburst,EXVS2,0x14165A968,0x14068E280
021DESTNY,015AKATKI,001,FunnelStay,EXVS2,0x14165AB00,0x14068E280
021DESTNY,015AKATKI,001,ThrowBeamrifleSaber,EXVS2,0x14165A540,0x14068E280
022ASTRAY,001ASTRED,001,SwordThrow,EXVS2,0x14165B000,0x14068E280
022ASTRAY,001ASTRED,001,SwordThrow150,EXVS2,0x14165B0B8,0x14068E280
022ASTRAY,002ASTBSL,001,ArmorSchneiderThrow,EXVS2,0x14165B220,0x14068E280
022ASTRAY,002ASTBSL,001,TArmsThrowHissatsu,EXVS2,0x14169A3F8,0x14068E280
022ASTRAY,002ASTBSL,001,TacticalArmsCounter,EXVS2,0x14165B330,0x14068E280
022ASTRAY,002ASTBSL,001,TacticalArmsDocking,EXVS2,0x14165B410,0x14068E280
022ASTRAY,002ASTBSL,001,TacticalArmsThrow,EXVS2,0x14169A160,0x14068E280
022ASTRAY,003ASTGAT,001,LancerDart,EXVS2,0x14165B568,0x14068E280
022ASTRAY,003ASTGAT,001,LancerDartHissatsu,EXVS2,0x14165B648,0x14068E280
022ASTRAY,003ASTGAT,001,Maganoshirahoko,EXVS2,0x14165B720,0x14068E280
022ASTRAY,004DREDNT,001,DragoonFlyShot,EXVS2,0x14165BC98,0x14068E280
022ASTRAY,004DREDNT,001,DragoonShot,EXVS2,0x14165BB48,0x14068E280
022ASTRAY,004DREDNT,001,PristisPurged,EXVS2,0x14165B9B0,0x14068E280
022ASTRAY,004DREDNT,001,PristisSword,EXVS2,0x14165BDE8,0x14068E280
022ASTRAY,004DREDNT,001,PristisTsukimatoiSelf,EXVS2,0x14165B8C8,0x14068E280
022ASTRAY,005HYPERI,001,FunnelCommonDefense,EXVS2,0x14165BF58,0x14068E280
022ASTRAY,006ASTRKI,001,IkutatiField,EXVS2,0x14165C168,0x14068E280
022ASTRAY,006ASTRKI,001,IkutatiNotify,EXVS2,0x14165C208,0x14068E280
022ASTRAY,006ASTRKI,001,SwordThrow,EXVS2,0x14165C010,0x14068E280
022ASTRAY,006ASTRKI,001,TaDocking,EXVS2,0x14165C2D8,0x14068E280
022ASTRAY,006ASTRKI,001,ThrowRoundSword,EXVS2,0x14165C0C8,0x14068E280
022ASTRAY,008ASTRDR,001,SwordThrow,EXVS2,0x14165C480,0x14068E280
022ASTRAY,008ASTRDR,001,ThrowNageageCalad,EXVS2,0x14165C3C8,0x14068E280
022ASTRAY,009ASTGAM,001,LancerDart,EXVS2,0x14165C560,0x14068E280
022ASTRAY,009ASTGAM,001,Maganoshirahoko,EXVS2,0x14165C638,0x14068E280
022ASTRAY,009ASTGAM,001,OtukisentanThrow,EXVS2,0x14165C708,0x14068E280
022ASTRAY,010ASTBFD,001,BCannonDragoonRefractor,EXVS2,0x14165CA38,0x14068E280
022ASTRAY,010ASTBFD,001,BCannonDragoonShot,EXVS2,0x14165C8A0,0x14068E280
022ASTRAY,010ASTBFD,001,DragoonAttach,EXVS2,0x14165CB00,0x14068E280
022ASTRAY,010ASTBFD,001,DragoonAttachToSword,EXVS2,0x14165D2E0,0x14068E280
022ASTRAY,010ASTBFD,001,SensorDragoonTsukimatoi,EXVS2,0x14165CC98,0x14068E280
022ASTRAY,010ASTBFD,001,StealthDragoonFlySword,EXVS2,0x14165CDE8,0x14068E280
022ASTRAY,010ASTBFD,001,StealthDragoonRefractorAttachReturn,EXVS2,0x14165CEB0,0x14068E280
022ASTRAY,010ASTBFD,001,SwordDragoonThrowHissatsu,EXVS2,0x14165D218,0x14068E280
022ASTRAY,010ASTBFD,001,SwordDragoonThrowReturn,EXVS2,0x14165CFA0,0x14068E280
022ASTRAY,010ASTBFD,001,TransparentRefractor,EXVS2,0x14165D138,0x14068E280
023CROSGN,001CROSX1,001,ShieldSpinThrow,EXVS2,0x14165D418,0x14068E280
023CROSGN,001CROSX1,001,ZamberThrowStick,EXVS2,0x14165D4F8,0x14068E280
023CROSGN,002CROSFC,001,ScissorAnchor,EXVS2,0x14165D6E8,0x14068E280
023CROSGN,002CROSFC,001,SummonVigna2,EXVS2,0x14165D610,0x14068E280
023CROSGN,003CROSX2,001,Anchor,EXVS2,0x14165D7B8,0x14068E280
023CROSGN,003CROSX2,001,AssistBatalla,EXVS2,0x14165DA00,0x14068E280
023CROSGN,003CROSX2,001,HissatsuThrowLance,EXVS2,0x14165D8C0,0x14068E280
023CROSGN,009VIGNA2,001,ThrowBeamSaw,EXVS2,0x14165DB10,0x14068E280
024BLUEDE,001BLDES1,001,GmThrow,EXVS2,0x14165DBF0,0x14068E280
024BLUEDE,001BLDES1,001,WiredMissle,EXVS2,0x14165DCD0,0x14068E280
025GIGLOO,001ZUDAH0,001,AssistZudahRensha,EXVS2,0x14165DDD8,0x14068E280
026GNBELT,001HINGND,001,FinFunnelFly,EXVS2,0x14165DF30,0x14068E280
026GNBELT,001HINGND,001,FinFunnelFlyRensha,EXVS2,0x14165E078,0x14068E280
026GNBELT,001HINGND,001,FinFunnelIFieldBarrier,EXVS2,0x14165E1E8,0x14068E280
026GNBELT,001HINGND,001,FinFunnelTsukimatoiCounter,EXVS2,0x14165E380,0x14068E280
026GNBELT,001HINGND,001,FinFunnelTsukimatoiRensha,EXVS2,0x14165E520,0x14068E280
026GNBELT,001HINGND,001,FinFunnelTsukimatoiShot,EXVS2,0x14165E6C0,0x14068E280
026GNBELT,002NITNGL,001,AssistFunnelFly,EXVS2,0x14165EEF0,0x14068E280
026GNBELT,002NITNGL,001,AssistPsycoDoga,EXVS2,0x14165EDA8,0x14068E280
026GNBELT,002NITNGL,001,FunnelFly,EXVS2,0x14165E808,0x14068E280
026GNBELT,002NITNGL,001,FunnelShot,EXVS2,0x14165E9A0,0x14068E280
026GNBELT,002NITNGL,001,FunnelShotHissatsu,EXVS2,0x14165EB38,0x14068E280
026GNBELT,002NITNGL,001,FunnelSwarm,EXVS2,0x14165ECB0,0x14068E280
027GN00AW,001QUANTA,001,NormalGNSwordBitAttach,EXVS2,0x14165EFB8,0x14068E280
027GN00AW,001QUANTA,001,NormalGNSwordBitFly,EXVS2,0x14165F868,0x14068E280
027GN00AW,001QUANTA,001,NormalGNSwordBitFlySword,EXVS2,0x14165F110,0x14068E280
027GN00AW,001QUANTA,001,NormalGNSwordBitShield,EXVS2,0x14165F2C0,0x14068E280
027GN00AW,001QUANTA,001,QuantumGNSwordBitAttach,EXVS2,0x14165F3A0,0x14068E280
027GN00AW,001QUANTA,001,QuantumGNSwordBitFlySwordNormal,EXVS2,0x14165F518,0x14068E280
027GN00AW,001QUANTA,001,QuantumGNSwordBitFlySwordPunch,EXVS2,0x14165F638,0x14068E280
027GN00AW,001QUANTA,001,QuantumGNSwordBitResident,EXVS2,0x14165F718,0x14068E280
027GN00AW,002RAPHEL,001,AssistSeravee2,EXVS2,0x14165FC88,0x141085C60
027GN00AW,002RAPHEL,001,ClawPunch,EXVS2,0x141660088,0x14068E280
027GN00AW,002RAPHEL,001,FunnelFly,EXVS2,0x141660500,0x14068E280
027GN00AW,003BRAVCT,001,AssistBraveRushShot,EXVS2,0x1416610B0,0x14068E280
027GN00AW,003BRAVCT,001,AttachChangeSaber,EXVS2,0x141661180,0x14068E280
027GN00AW,004QUNTFS,001,AttachChangeEnd,EXVS2,0x141661250,0x14068E280
027GN00AW,004QUNTFS,001,FunnelSheild,EXVS2,0x141661408,0x14068E280
027GN00AW,004QUNTFS,001,ThrowAbstract,EXVS2,0x1416614E8,0x14068E280
027GN00AW,004QUNTFS,001,WideCutter,EXVS2,0x1416615C8,0x14068E280
027GN00AW,005ZABNYA,001,AttachChangeDockingAbstract,EXVS2,0x141660D28,0x14068E280
027GN00AW,005ZABNYA,001,AttachChangeEnd,EXVS2,0x141660DF8,0x14068E280
027GN00AW,005ZABNYA,001,FunnelMateDefense,EXVS2,0x1416609A8,0x14068E280
027GN00AW,005ZABNYA,001,FunnelSelfdefense,EXVS2,0x141660B18,0x14068E280
027GN00AW,005ZABNYA,001,FunnelTukimatoi,EXVS2,0x1416607E8,0x14068E280
027GN00AW,005ZABNYA,001,FunnelTukimatoiWinlose,EXVS2,0x141660FA8,0x14068E280
027GN00AW,005ZABNYA,001,Funnel_Fly,EXVS2,0x141660648,0x14068E280
027GN00AW,005ZABNYA,001,FunneldefenseCommon,EXVS2,0x141660870,0x14108A0E0
027GN00AW,005ZABNYA,001,TransparentShooter,EXVS2,0x141660C30,0x14068E280
027GN00AW,006HARUTE,001,FunnelFlySword,EXVS2,0x141661720,0x14068E280
027GN00AW,006HARUTE,001,FunnelFlySwordHissatsu_1,EXVS2,0x141661878,0x14068E280
027GN00AW,006HARUTE,001,FunnelFlySwordHissatsu_2,EXVS2,0x1416619D0,0x14068E280
027GN00AW,006HARUTE,001,GNMissileVertical,EXVS2,0x141661BB0,0x14068E280
027GN00AW,006HARUTE,001,StickerScissorLaunch,EXVS2,0x141661A70,0x14068E280
028GUNWTV,002EPYON0,001,AssistVirgo,EXVS2,0x141661CC0,0x14068E280
028GUNWTV,009ALTRTV,001,BoomerangSpline,EXVS2,0x141661D78,0x14068E280
028GUNWTV,009ALTRTV,001,BoomerangStraight,EXVS2,0x141661E28,0x14068E280
028GUNWTV,009ALTRTV,001,HandThrow,EXVS2,0x141661F08,0x14068E280
028GUNWTV,009ALTRTV,001,HandThrowDouble,EXVS2,0x141661FE8,0x14068E280
028GUNWTV,010SANDTV,001,HeatShotelThrowAth,EXVS2,0x141662400,0x14068E280
028GUNWTV,012DHELTV,001,ThrowBusterShield,EXVS2,0x1416624F8,0x14068E280
028GUNWTV,012DHELTV,001,ThrowScythe,EXVS2,0x1416625D8,0x14068E280
028GUNWTV,013TALGS2,001,AssistWingGundamBird,EXVS2,0x141662AF0,0x14068E280
028GUNWTV,013TALGS2,001,WingGundamHissatsu,EXVS2,0x141662680,0x14068E280
029SSTARG,001STNOIR,001,AnchorLauncher,EXVS2,0x141662BC8,0x14068E280
029SSTARG,001STNOIR,001,AssistPole,EXVS2,0x141662CC8,0x14068E280
029SSTARG,001STNOIR,001,ThrowFragarach,EXVS2,0x141662DA8,0x14068E280
029SSTARG,001STNOIR,001,ThrowFragarachSP,EXVS2,0x141662E88,0x14068E280
029SSTARG,002STGAZR,001,FlashMine,EXVS2,0x141663290,0x14068E280
029SSTARG,002STGAZR,001,OrageBullet,EXVS2,0x141663338,0x14068E280
030GSENTI,001EXSGUN,,IncomReflectorRelayBeam,EXVS2,0x1415DD3B0,0x14068E280
030GSENTI,001EXSGUN,001,IncomHead,EXVS2,0x1415DD1B8,0x14068E280
030GSENTI,001EXSGUN,001,IncomReflectorNotifier,EXVS2,0x1415DD578,0x14068E280
030GSENTI,001EXSGUN,001,IncomReflectorShot,EXVS2,0x1415DD500,0x14068E280
030GSENTI,001EXSGUN,001,PropellantTankFloatExplosion,EXVS2,0x1415DD690,0x14068E280
031GNHATH,001XIGNDM,001,AssistMesserGrap,EXVS2,0x1415DDBB0,0x14068E280
031GNHATH,001XIGNDM,001,AssistMesserSaberRush,EXVS2,0x1415DDCE0,0x14068E280
031GNHATH,001XIGNDM,001,FunnelMissile,EXVS2,0x1415DD7E8,0x14068E280
031GNHATH,001XIGNDM,001,FunnelMissileShotAiming,EXVS2,0x1415DD998,0x14068E280
031GNHATH,001XIGNDM,001,ThrowBeamRifle,EXVS2,0x1415DDD98,0x14068E280
031GNHATH,002PENELP,001,FunnelMissile,EXVS2,0x1415DDEF0,0x14068E280
031GNHATH,002PENELP,001,FunnelMissileShotAiming,EXVS2,0x1415DE088,0x14068E280
033GNDAGE,001GNAGE1,001,ThrowLargeRock,EXVS2,0x1415DE170,0x14068E280
033GNDAGE,003GNAGE3,001,ThrowBlade,EXVS2,0x1415DE258,0x14068E280
033GNDAGE,003GNAGE3,001,ThrowNet,EXVS2,0x1415DE340,0x14068E280
033GNDAGE,004GAGEFX,001,FunnelAttachChangeWeaponDefenseformMayu,EXVS2,0x1415DE9C0,0x14068E280
033GNDAGE,004GAGEFX,001,FunnelCommonDefense,EXVS2,0x1415DECB8,0x140E48540
033GNDAGE,004GAGEFX,001,FunnelFlySwordThrowAbstract,EXVS2,0x1415DE640,0x14068E280
033GNDAGE,004GAGEFX,001,FunnelFlySwordThrowFxBurst,EXVS2,0x1415DE790,0x14068E280
033GNDAGE,004GAGEFX,001,FunnelFlyswordAbstract,EXVS2,0x1415DE4B0,0x14068E280
033GNDAGE,004GAGEFX,001,FunnelFlyswordBurst,EXVS2,0x1415DF2B0,0x14068E280
033GNDAGE,004GAGEFX,001,FunnelMateDefense,EXVS2,0x1415DEF58,0x14068E280
033GNDAGE,004GAGEFX,001,FunnelSelfDefense,EXVS2,0x1415DEDE8,0x14068E280
033GNDAGE,004GAGEFX,001,SpAssistAge1,EXVS2,0x1415DF060,0x14068E280
033GNDAGE,004GAGEFX,001,StickerFunnelAbstract,EXVS2,0x1415DE838,0x14068E280
033GNDAGE,004GAGEFX,001,StickerFunnelHissatsu,EXVS2,0x1415DE8D8,0x14068E280
033GNDAGE,004GAGEFX,001,ThrowDarkhoundMA,EXVS2,0x1415DF158,0x14068E280
033GNDAGE,004GAGEFX,001,TransparentSlasher01,EXVS2,0x1415DEAF0,0x14068E280
033GNDAGE,004GAGEFX,001,TransparentSlasher04,EXVS2,0x1415DEC30,0x14068E280
033GNDAGE,006FARSIA,001,FunnelAttachChangeAutomata,EXVS2,0x1415DF700,0x14068E280
033GNDAGE,006FARSIA,001,FunnelFly,EXVS2,0x1415DF3F8,0x14068E280
033GNDAGE,006FARSIA,001,FunnelNet,EXVS2,0x1415DFE70,0x14068E280
033GNDAGE,006FARSIA,001,FunnelReturn,EXVS2,0x1415DF498,0x14068E280
033GNDAGE,006FARSIA,001,FunnelShot,EXVS2,0x1415DF638,0x14068E280
033GNDAGE,006FARSIA,001,TransparentShooter,EXVS2,0x1415DF808,0x14068E280
033GNDAGE,006FARSIA,001,ZedasHissatsuCombo,EXVS2,0x1415DF8D0,0x14068E280
033GNDAGE,006FARSIA,001,ZedasHissatsuFinish,EXVS2,0x1415DFA00,0x14068E280
033GNDAGE,006FARSIA,001,ZedasRush,EXVS2,0x1415DFB48,0x14068E280
033GNDAGE,006FARSIA,001,ZedasTsukimatoi,EXVS2,0x1415DFC30,0x14068E280
033GNDAGE,006FARSIA,001,ZedasWinlose,EXVS2,0x1415DFCD8,0x14068E280
033GNDAGE,007LEGILS,001,AssistFunnelFly,EXVS2,0x1415E0DE8,0x14068E280
033GNDAGE,007LEGILS,001,AssistShotFunnel,EXVS2,0x1415E0CA0,0x14068E280
033GNDAGE,007LEGILS,001,AssistShotLaser,EXVS2,0x1415E0860,0x14068E280
033GNDAGE,007LEGILS,001,FunnelFly,EXVS2,0x1415DFFE0,0x14068E280
033GNDAGE,007LEGILS,001,FunnelFlyHasei,EXVS2,0x1415E00F8,0x14068E280
033GNDAGE,007LEGILS,001,FunnelShotAiming,EXVS2,0x1415E02B8,0x14068E280
033GNDAGE,007LEGILS,001,FunnelShotDirection,EXVS2,0x1415E0420,0x14068E280
033GNDAGE,007LEGILS,002,AssistShotFunnel,EXVS2,0x1415E1220,0x14068E280
033GNDAGE,007LEGILS,002,AssistShotLaser,EXVS2,0x1415E1660,0x14068E280
033GNDAGE,008DRKHND,001,Anchor,EXVS2,0x1415E1730,0x14068E280
033GNDAGE,008DRKHND,001,AssistShldlrRensha,EXVS2,0x1415E19D0,0x14068E280
033GNDAGE,008DRKHND,001,DodslancerThrow,EXVS2,0x1415E1810,0x14068E280
033GNDAGE,008DRKHND,001,SaberBoomerang,EXVS2,0x1415E18D8,0x14068E280
033GNDAGE,011FFRSIA,001,AssistTransparent,EXVS2,0x1415E2058,0x14068E280
033GNDAGE,011FFRSIA,001,AssistTransparentRensha,EXVS2,0x1415E2168,0x14068E280
033GNDAGE,011FFRSIA,001,FunnelAttachChangeShooter,EXVS2,0x1415E1F48,0x14068E280
033GNDAGE,011FFRSIA,001,FunnelFly,EXVS2,0x1415E1B48,0x14068E280
033GNDAGE,011FFRSIA,001,FunnelNet,EXVS2,0x1415E1E80,0x14068E280
033GNDAGE,011FFRSIA,001,FunnelShot,EXVS2,0x1415E1CE8,0x14068E280
034EXTGUN,000COMMON,001,FunnelHissatsuAbstract,EXVS2,0x1415E2810,0x14068E280
034EXTGUN,001EXECLI,001,ThrowCluster,EXVS2,0x1415E2248,0x14068E280
034EXTGUN,001EXECLI,002,ThrowCluster,EXVS2,0x1415E2328,0x14068E280
034EXTGUN,002EXXENO,001,FunnelGenkidama,EXVS2,0x1415E29A8,0x14068E280
034EXTGUN,003EXAIOS,001,AssistTransparentShooter,EXVS2,0x1415E2AC8,0x14068E280
034EXTGUN,003EXAIOS,001,AssistTransparentSlasher,EXVS2,0x1415E2BE0,0x14068E280
034EXTGUN,003EXAIOS,001,FunnelAttachChangeShooter,EXVS2,0x1415E2CA8,0x14068E280
034EXTGUN,003EXAIOS,001,FunnelAttachChangeSlasher,EXVS2,0x1415E2D70,0x14068E280
034EXTGUN,003EXAIOS,001,FunnelAttachChangeWeapon,EXVS2,0x1415E2E58,0x14068E280
034EXTGUN,003EXAIOS,001,FunnelFly,EXVS2,0x1415E2FA0,0x14068E280
034EXTGUN,003EXAIOS,001,FunnelLaser,EXVS2,0x1415E3138,0x14068E280
034EXTGUN,003EXAIOS,001,FunnelLaserNet,EXVS2,0x1415E32D0,0x14068E280
034EXTGUN,003EXAIOS,001,FunnelShot,EXVS2,0x1415E3470,0x14068E280
034EXTGUN,003EXAIOS,001,FunnelTeleport,EXVS2,0x1415E35B8,0x14068E280
034EXTGUN,003EXAIOS,001,ScaleController,EXVS2,0x1415E3660,0x14068E280
034EXTGUN,003EXAIOS,001,ScaleController_All,EXVS2,0x1415E3708,0x14068E280
034EXTGUN,003EXAIOS,001,ScaleController_Large,EXVS2,0x1415E37B0,0x14068E280
034EXTGUN,003EXAIOS,001,ScaleController_Small,EXVS2,0x1415E3858,0x14068E280
034EXTGUN,003EXAIOS,001,SpFunnelLaser,EXVS2,0x1415E3DE0,0x14068E280
034EXTGUN,003EXAIOS,001,SpFunnelTeleport,EXVS2,0x1415E3C40,0x14068E280
034EXTGUN,003EXAIOS,001,SpFunnelThrow,EXVS2,0x1415E3F20,0x14068E280
034EXTGUN,003EXAIOS,001,ThrowFunnel,EXVS2,0x1415E3938,0x14068E280
034EXTGUN,003EXAIOS,001,Winlose_Funnel,EXVS2,0x1415E3AF8,0x14068E280
034EXTGUN,004EXLEOS,001,AssistTransparentSlasher,EXVS2,0x1415E4948,0x14068E280
034EXTGUN,004EXLEOS,001,AttachDockingBBitReturnAbstract,EXVS2,0x1415E40D8,0x14068E280
034EXTGUN,004EXLEOS,001,AttachDockingBBitReturnTurnAbstract,EXVS2,0x1415E4170,0x14068E280
034EXTGUN,004EXLEOS,001,AttachDockingRifleSword,EXVS2,0x1415E4CF0,0x14068E280
034EXTGUN,004EXLEOS,001,FunnelAttachChangePBitAbstract,EXVS2,0x1415E4DD8,0x14068E280
034EXTGUN,004EXLEOS,001,FunnelAttachChangeRifleAgiosAbstract,EXVS2,0x1415E4748,0x14068E280
034EXTGUN,004EXLEOS,001,FunnelAttachChangeRifleBBitAbstract,EXVS2,0x1415E4830,0x14068E280
034EXTGUN,004EXLEOS,001,FunnelFly,EXVS2,0x1415E4468,0x14068E280
034EXTGUN,004EXLEOS,001,FunnelHissatsuAgiosAbstract,EXVS2,0x1415E4AC0,0x14068E280
034EXTGUN,004EXLEOS,001,FunnelHissatsuBBitAbstract,EXVS2,0x1415E4C20,0x14068E280
034EXTGUN,004EXLEOS,001,FunnelShot,EXVS2,0x1415E4318,0x14068E280
034EXTGUN,004EXLEOS,001,ScaleControllerAgiosAllAbstract,EXVS2,0x1415E45B8,0x14068E280
034EXTGUN,004EXLEOS,001,ScaleControllerAgiosOneAbstract,EXVS2,0x1415E4510,0x14068E280
034EXTGUN,004EXLEOS,001,ScaleControllerBBitAllAbstract,EXVS2,0x1415E4660,0x14068E280
034EXTGUN,004EXLEOS,001,ThrowBBit,EXVS2,0x1415E4008,0x14068E280
034EXTGUN,005EXEXEL,001,AssistClusterMissile,EXVS2,0x1415E5450,0x14068E280
034EXTGUN,005EXEXEL,001,ShieldBitMate,EXVS2,0x1415E5088,0x14068E280
034EXTGUN,005EXEXEL,001,ShieldBitSelf,EXVS2,0x1415E51F8,0x14068E280
034EXTGUN,005EXEXEL,001,SphereBit,EXVS2,0x1415E5348,0x14068E280
034EXTGUN,005EXEXEL,001,ThrowBeamDagger,EXVS2,0x1415E4EA0,0x14068E280
042GRECON,001GSELF0,001,AssistHighTorquePack,EXVS2,0x1415E59D8,0x14068E280
042GRECON,001GSELF0,001,BlastNotifier,EXVS2,0x1415E54F0,0x14068E280
042GRECON,001GSELF0,001,PurgeAssaultPack,EXVS2,0x1415E55A0,0x14068E280
042GRECON,001GSELF0,001,ThrowAssaultPackAbstract,EXVS2,0x1415E56B8,0x14068E280
042GRECON,001GSELF0,001,ThrowAssaultPackLeft,EXVS2,0x1415E5748,0x14068E280
042GRECON,001GSELF0,001,ThrowAssaultPackRight,EXVS2,0x1415E57D8,0x14068E280
042GRECON,001GSELF0,001,ThrowFryschop,EXVS2,0x1415E58D8,0x14068E280
042GRECON,002MACMSK,001,Anchor,EXVS2,0x1415E5AA8,0x14068E280
042GRECON,002MACMSK,001,AssistMackKnifeBararaTsukimatoi,EXVS2,0x1415E5B98,0x14068E280
042GRECON,003PSELF0,001,FunnelTrackFin,EXVS2,0x1415E5CF0,0x14068E280
042GRECON,003PSELF0,001,ThrowPhotonTorpedo,EXVS2,0x1415E5DD0,0x14068E280
042GRECON,004GARCAN,001,StickerBeamWireMakitsuki,EXVS2,0x1415E5E70,0x14068E280
042GRECON,005MNTERO,001,BeamJavelinThrow,EXVS2,0x1415E6108,0x14068E280
042GRECON,005MNTERO,001,BeamJavelinThrowSP,EXVS2,0x1415E5F68,0x14068E280
042GRECON,005MNTERO,001,HookShot,EXVS2,0x1415E61E8,0x14068E280
042GRECON,005MNTERO,001,StickerBeamWireMakitsuki,EXVS2,0x1415E6028,0x14068E280
042GRECON,006GLUCIF,001,SkirtFunnel,EXVS2,0x1415E6340,0x14068E280
042GRECON,007KABAKL,001,AssistGrach,EXVS2,0x1415E6778,0x14068E280
042GRECON,007KABAKL,001,FlyBeefrestBit,EXVS2,0x1415E68C0,0x14068E280
042GRECON,007KABAKL,001,ThrowBeamRing,EXVS2,0x1415E69B8,0x14068E280
042GRECON,008DAHACK,001,AssistLegFunnel,EXVS2,0x1415E6D40,0x14068E280
042GRECON,008DAHACK,001,TrinityAssistFunnel,EXVS2,0x1415E6BF8,0x14068E280
042GRECON,008DAHACK,001,TrinityAssistRush,EXVS2,0x1415E6AE8,0x14068E280
042GRECON,009HECATE,001,BitBarrierFly,EXVS2,0x1415E6F00,0x14068E280
042GRECON,009HECATE,001,BitBarrierFlyHasei,EXVS2,0x1415E7250,0x14068E280
042GRECON,009HECATE,001,BitBarrierFlySetPos,EXVS2,0x1415E70E8,0x14068E280
042GRECON,009HECATE,001,BitSpShot,EXVS2,0x1415E7398,0x14068E280
042GRECON,009HECATE,001,FreeFallContainer,EXVS2,0x1415E74D8,0x14068E280
042GRECON,009HECATE,001,SpStickExp,EXVS2,0x1415E7438,0x14068E280
043ORPHAN,001GNBARB,001,ThrowDebrisMortar,EXVS2,0x1415E7660,0x14068E280
043ORPHAN,001GNBARB,001,ThrowMaceHissatsu,EXVS2,0x1415E7718,0x14068E280
043ORPHAN,001GNBARB,001,ThrowMaceMortar,EXVS2,0x1415E7590,0x14068E280
043ORPHAN,004KMRTRP,001,ThrowMine,EXVS2,0x1415E7808,0x14068E280
045MISING,002PRIDGH,001,ThrowSaber,EXVS2,0x1415E7970,0x14068E280
045MISING,003GELGHM,001,BeamnaginataThrow,EXVS2,0x1415E7B08,0x14068E280
045MISING,003GELGHM,001,BeamnaginataThrowHissatsu,EXVS2,0x1415E7A50,0x14068E280
045MISING,006TDSRTR,001,IncomFlyShot,EXVS2,0x1415E7C50,0x14068E280
045MISING,006TDSRTR,001,IncomRelay,EXVS2,0x1415E7E88,0x14068E280
045MISING,006TDSRTR,001,IncomStayShot,EXVS2,0x1415E7DE8,0x14068E280
045MISING,006TDSRTR,001,SpIncomStayShot,EXVS2,0x1415E8020,0x14068E280
045MISING,006TDSRTR,001,SpTryBladeRush,EXVS2,0x1415E80D8,0x14068E280
046TNBOLT,001FAGNDM,001,AssistGmRushShot,EXVS2,0x1415E84D8,0x14068E280
046TNBOLT,001FAGNDM,001,StickerRocketBooster,EXVS2,0x1415E8188,0x14068E280
046TNBOLT,001FAGNDM,001,ThrowClusterMissile,EXVS2,0x1415E8338,0x14068E280
046TNBOLT,001FAGNDM,001,ThrowClusterMissileAbstract,EXVS2,0x1415E82A0,0x14068E280
046TNBOLT,001FAGNDM,001,ThrowSPClusterMissile,EXVS2,0x1415E83D0,0x14068E280
046TNBOLT,002PSYCZK,001,BigGun,EXVS2,0x1415E8648,0x14068E280
046TNBOLT,002PSYCZK,001,Gattle,EXVS2,0x1415E8760,0x14068E280
046TNBOLT,002PSYCZK,001,PurgePropellantTanks,EXVS2,0x1415E85A8,0x14068E280
046TNBOLT,003ATLASG,001,AssistGuncannonAquqShot,EXVS2,0x1415E8868,0x14068E280
046TNBOLT,003ATLASG,001,AssistGuncannonAquqThrust,EXVS2,0x1415E8998,0x14068E280
046TNBOLT,003ATLASG,001,MedusaArrow,EXVS2,0x1415E8A38,0x14068E280
046TNBOLT,003ATLASG,001,MedusaArrowBullet,EXVS2,0x1415E8B18,0x14068E280
046TNBOLT,004ACGYTB,001,AssistAcguyMBBuster,EXVS2,0x1415E9060,0x14068E280
046TNBOLT,004ACGYTB,001,AssistAcguyRush,EXVS2,0x1415E8C50,0x14068E280
046TNBOLT,004ACGYTB,001,AssistAcguyShotFlamethrower,EXVS2,0x1415E8D78,0x14068E280
046TNBOLT,004ACGYTB,001,AssistAcguySprayMissileLauncher,EXVS2,0x1415E8F50,0x14068E280
046TNBOLT,004ACGYTB,001,NotifyRader,EXVS2,0x1415E8E18,0x14068E280
046TNBOLT,004ACGYTB,001,ThrowMBMissile,EXVS2,0x1415E9140,0x14068E280
049ORPHN2,001BRLUPS,001,PororiVBSword,EXVS2,0x1415E92A8,0x14068E280
049ORPHN2,001BRLUPS,001,ThrowLance,EXVS2,0x1415E9200,0x14068E280
049ORPHN2,002GSONRF,001,ScissorShieldDockingCommon,EXVS2,0x1415E9378,0x14068E280
049ORPHN2,003GNBAEL,001,ThrowSword,EXVS2,0x1415E9458,0x14068E280
049ORPHN2,004BARREX,001,TailFly,EXVS2,0x1415E9A70,0x14068E280
049ORPHN2,004BARREX,001,TailStay,EXVS2,0x1415E9728,0x14068E280
049ORPHN2,004BARREX,001,TailStayAttack,EXVS2,0x1415E9878,0x14068E280
049ORPHN2,004BARREX,001,TailStayLaunch,EXVS2,0x1415E9588,0x14068E280
049ORPHN2,004BARREX,001,TailStayReturn,EXVS2,0x1415E9998,0x14068E280
049ORPHN2,005KMRVDR,001,ThrowDainsleif,EXVS2,0x1415E9B58,0x14068E280
049ORPHN2,005KMRVDR,001,ThrowShield,EXVS2,0x1415E9C10,0x14068E280
051BUILDF,001BLDSTR,001,BuildBoosterFly,EXVS2,0x1415E9D60,0x14068E280
051BUILDF,001BLDSTR,001,BuildBoosterRushShot,EXVS2,0x1415E9EA0,0x14068E280
051BUILDF,004WGFENC,001,AssistMeteoHopperRushKijou,EXVS2,0x1415E9FA0,0x14068E280
051BUILDF,004WGFENC,001,AssistMeteoHopperflyRush,EXVS2,0x1415EA0C0,0x14068E280
051BUILDF,005STABLD,001,ChargeGabtly,EXVS2,0x1415EA328,0x14068E280
051BUILDF,005STABLD,001,FunnelFlySwordThrow,EXVS2,0x1415EA218,0x14068E280
051BUILDF,005STABLD,001,ThrowBrinicleBlade,EXVS2,0x1415EA5A8,0x14068E280
051BUILDF,005STABLD,001,TransparentBladeAmpRelay,EXVS2,0x1415EA698,0x14068E280
051BUILDF,005STABLD,001,TransparentBladeAmpShot,EXVS2,0x1415EA768,0x14068E280
051BUILDF,005STABLD,001,TransparentLaserAmp,EXVS2,0x1415EA4C8,0x14068E280
051BUILDF,005STABLD,001,TransparentLaserAmpDiffusion,EXVS2,0x1415EA3F8,0x14068E280
051BUILDF,005STABLD,001,UniverseBoosterFly,EXVS2,0x1415EA9D8,0x14068E280
051BUILDF,005STABLD,001,UniverseBoosterRushShot,EXVS2,0x1415EA890,0x14068E280
051BUILDF,006SENGOK,,XKiriShockWave,EXVS2,0x1415EAAC0,0x14068E280
051BUILDF,006SENGOK,001,HakkeiEffect,EXVS2,0x1415EAD48,0x14068E280
051BUILDF,006SENGOK,001,HakkeiStickExplosion,EXVS2,0x1415EACA8,0x14068E280
051BUILDF,006SENGOK,001,YoyoMakitsuki,EXVS2,0x1415EABD0,0x14068E280
052BLDTRY,001HOTSCR,001,FunnelAttachChange,EXVS2,0x1415EB270,0x14068E280
052BLDTRY,001HOTSCR,001,FunnelFly,EXVS2,0x1415EAE90,0x14068E280
052BLDTRY,001HOTSCR,001,FunnelHissatsu,EXVS2,0x1415EB1A8,0x14068E280
052BLDTRY,001HOTSCR,001,FunnelNet,EXVS2,0x1415EB030,0x14068E280
052BLDTRY,001HOTSCR,001,FunnelStayShot,EXVS2,0x1415EB408,0x14068E280
053GBFTRY,002TRYBNG,001,AssistBunshinHaganken,EXVS2,0x1415EBCE0,0x14068E280
053GBFTRY,002TRYBNG,001,AssistBunshinReppakuKen,EXVS2,0x1415EBE18,0x14068E280
053GBFTRY,002TRYBNG,001,AssistBunshinRush,EXVS2,0x1415EBBA8,0x14068E280
053GBFTRY,002TRYBNG,001,BunshinLauncher,EXVS2,0x1415EBA70,0x14068E280
053GBFTRY,002TRYBNG,001,LightningGundam,EXVS2,0x1415EB6C8,0x14068E280
053GBFTRY,002TRYBNG,001,Reppakuken,EXVS2,0x1415EB4C0,0x14068E280
053GBFTRY,002TRYBNG,001,Reppakuken_Entry,EXVS2,0x1415EB5B8,0x14068E280
053GBFTRY,002TRYBNG,001,StarWinningGundam,EXVS2,0x1415EB7D8,0x14068E280
053GBFTRY,002TRYBNG,001,StarWinningGundam_Funnel,EXVS2,0x1415EB928,0x14068E280
053GBFTRY,002TRYBNG,001,WinLightningGundam,EXVS2,0x1415EBEC0,0x14068E280
053GBFTRY,002TRYBNG,001,WinStarWinningGundam,EXVS2,0x1415EBF68,0x14068E280
053GBFTRY,003LTNGFB,001,TransparentLaserAmp,EXVS2,0x1415EC038,0x14068E280
053GBFTRY,004STRWIN,001,FunnelAttachChangeAutomata,EXVS2,0x1415EC268,0x14068E280
053GBFTRY,004STRWIN,001,StarCrossEndaction,EXVS2,0x1415EC330,0x14068E280
053GBFTRY,004STRWIN,001,StarCrossSpline,EXVS2,0x1415EC0F0,0x14068E280
053GBFTRY,004STRWIN,001,StarCrossStraight,EXVS2,0x1415EC1A0,0x14068E280
053GBFTRY,004STRWIN,001,StarFunnelGuardBitTukimatoi,EXVS2,0x1415EC668,0x14068E280
053GBFTRY,004STRWIN,001,StarFunnelGunBitRensha,EXVS2,0x1415ECC78,0x14068E280
053GBFTRY,004STRWIN,001,StarFunnelGunBitShot,EXVS2,0x1415EC4C8,0x14068E280
053GBFTRY,004STRWIN,001,StarFunnelSheildCommon,EXVS2,0x1415EC6E8,0x140E91F00
053GBFTRY,004STRWIN,001,StarFunnelSheildMate,EXVS2,0x1415EC820,0x14068E280
053GBFTRY,004STRWIN,001,StarFunnelSheildSelf,EXVS2,0x1415EC990,0x14068E280
053GBFTRY,004STRWIN,001,StarFunnelThrow,EXVS2,0x1415ECAE0,0x14068E280
053GBFTRY,005TSIENT,001,AssistThanderRain,EXVS2,0x1415ECED0,0x14068E280
053GBFTRY,005TSIENT,001,AssistThanderRainAiming,EXVS2,0x1415ECFE0,0x14068E280
053GBFTRY,005TSIENT,001,AssistThanderRainEntry,EXVS2,0x1415ED1E8,0x14068E280
053GBFTRY,005TSIENT,001,AssistThanderRainHukakuRotate,EXVS2,0x1415ED0F0,0x14068E280
053GBFTRY,005TSIENT,001,FunnelFly,EXVS2,0x1415ECDC0,0x14068E280
053GBFTRY,005TSIENT,001,FunnelLargeFlyRushShot,EXVS2,0x1415ED578,0x14068E280
053GBFTRY,005TSIENT,001,FunnelSmallFlyRush,EXVS2,0x1415ED420,0x14068E280
053GBFTRY,005TSIENT,001,GnPartisanThrow,EXVS2,0x1415ED2C8,0x14068E280
053GBFTRY,005TSIENT,001,SpAssistGportent,EXVS2,0x1415ED680,0x14068E280
053GBFTRY,005TSIENT,001,SpAssistKarel,EXVS2,0x1415ED748,0x14068E280
055SDGAID,001KNTGND,001,KnightShieldBoomerang,EXVS2,0x1415EDE78,0x14068E280
055SDGAID,001KNTGND,001,MoveOnFirePillar_Entry,EXVS2,0x1415EDBE0,0x14068E280
055SDGAID,001KNTGND,001,ThrowFlameSword,EXVS2,0x1415ED848,0x14068E280
055SDGAID,001KNTGND,001,ThrowKnightSword,EXVS2,0x1415ED928,0x14068E280
055SDGAID,001KNTGND,001,ThrowLightArrow,EXVS2,0x1415EDCC0,0x14068E280
055SDGAID,001KNTGND,001,ThrowThanderRain,EXVS2,0x1415EDAE8,0x14068E280
055SDGAID,001KNTGND,001,ThrowThanderRain_Fa,EXVS2,0x1415EDDC8,0x14068E280
055SSDGAID,001KNTGND,001,ThrowKnightShield,EXVS2,0x1415ED9E0,0x14068E280
056GNDMNT,001NARRTV,001,AssistPhenex,EXVS2,0x1415EDF80,0x14068E280
056GNDMNT,001NARRTV,001,PhenexArmedArmorDE,EXVS2,0x1415EE0D0,0x14068E280
056GNDMNT,001NARRTV,001,PsychoField,EXVS2,0x1415EE1B0,0x14068E280
056GNDMNT,001NARRTV,001,WireGuidedAssaultUnit,EXVS2,0x1415EE330,0x14068E280
056GNDMNT,001NARRTV,001,WireGuidedAssaultUnitFlySword,EXVS2,0x1415EE5C8,0x14068E280
056GNDMNT,001NARRTV,001,WireGuidedAssaultUnitFlySwordStart,EXVS2,0x1415EE4A8,0x14068E280
056GNDMNT,002SINAST,001,AssistGrzlElicUnqRush,EXVS2,0x1415EEB68,0x14068E280
056GNDMNT,002SINAST,001,AssistGrzlRush,EXVS2,0x1415EEA30,0x14068E280
056GNDMNT,002SINAST,001,BeamNaginata,EXVS2,0x1415EEC08,0x14068E280
056GNDMNT,003PHENEX,001,AssistSilverBulletSuppressor,EXVS2,0x1415EF5E8,0x14068E280
056GNDMNT,003PHENEX,001,FunnelCommonDefense,EXVS2,0x1415EF688,0x140EA44B0
056GNDMNT,003PHENEX,001,FunnelFlySword,EXVS2,0x1415EEE70,0x14068E280
056GNDMNT,003PHENEX,001,FunnelFlySwordCounter,EXVS2,0x1415EFA80,0x14068E280
056GNDMNT,003PHENEX,001,FunnelMateDefense,EXVS2,0x1415EF928,0x14068E280
056GNDMNT,003PHENEX,001,FunnelSelfDefense,EXVS2,0x1415EF7B8,0x14068E280
056GNDMNT,003PHENEX,001,PsychoField,EXVS2,0x1415EECE8,0x14068E280
057BUILDD,001OODVAC,001,AssistGmbeamBeam,EXVS2,0x1415EFCB8,0x14068E280
057BUILDD,001OODVAC,001,AssistGmbeamMissileShot,EXVS2,0x1415EFDC0,0x14068E280
057BUILDD,001OODVAC,001,AssistGmbeamThrust,EXVS2,0x1415EFBB0,0x14068E280
057BUILDD,001OODVAC,001,wiregun,EXVS2,0x1415EFE98,0x14068E280
057BUILDD,002ZEROMR,001,AssistCapsuleNinjaArtsLancer,EXVS2,0x1415F05B8,0x14068E280
057BUILDD,002ZEROMR,001,AssistHattoriRush,EXVS2,0x1415F0288,0x14068E280
057BUILDD,002ZEROMR,001,AyameSlashBunshinHissatu,EXVS2,0x1415F07A8,0x14068E280
057BUILDD,002ZEROMR,001,AyameSlashEffectStick,EXVS2,0x1415F0708,0x14068E280
057BUILDD,002ZEROMR,001,AyameSlashZeroTypeBunshinHissatu,EXVS2,0x1415F0848,0x14068E280
057BUILDD,002ZEROMR,001,AyameSlashZeroTypeBunshinHissatuEntry,EXVS2,0x1415F08E8,0x14068E280
057BUILDD,002ZEROMR,001,BoomerangFrameFumaShuriken,EXVS2,0x1415F0668,0x14068E280
057BUILDD,002ZEROMR,001,BoomerangShieldShuriken,EXVS2,0x1415EFF48,0x14068E280
057BUILDD,002ZEROMR,001,BunshinMuffler,EXVS2,0x1415F0A58,0x14068E280
057BUILDD,002ZEROMR,001,FreeFallFireworksBall,EXVS2,0x1415F0408,0x14068E280
057BUILDD,002ZEROMR,001,MufflerSticker,EXVS2,0x1415F0988,0x14068E280
057BUILDD,002ZEROMR,001,SpThrowShieldShuriken,EXVS2,0x1415F0108,0x14068E280
057BUILDD,002ZEROMR,001,ThrowCapsuleNinjaArtsLancer,EXVS2,0x1415F04C0,0x14068E280
057BUILDD,002ZEROMR,001,ThrowHattori,EXVS2,0x1415F0368,0x14068E280
057BUILDD,002ZEROMR,001,ThrowShieldShuriken,EXVS2,0x1415F0028,0x14068E280
057BUILDD,002ZEROMR,002,AssistCapsuleNinjaArtsLancer,EXVS2,0x1415F1548,0x14068E280
057BUILDD,002ZEROMR,002,AssistHattoriRush,EXVS2,0x1415F0E30,0x14068E280
057BUILDD,002ZEROMR,002,AyameSlashBunshinHissatu,EXVS2,0x1415F11A0,0x14068E280
057BUILDD,002ZEROMR,002,AyameSlashEffectStick,EXVS2,0x1415F1100,0x14068E280
057BUILDD,002ZEROMR,002,AyameSlashZeroTypeBunshinHissatu,EXVS2,0x1415F1240,0x14068E280
057BUILDD,002ZEROMR,002,AyameSlashZeroTypeBunshinHissatuEntry,EXVS2,0x1415F12E0,0x14068E280
057BUILDD,002ZEROMR,002,BoomerangFrameFumaShuriken,EXVS2,0x1415F1060,0x14068E280
057BUILDD,002ZEROMR,002,BoomerangShieldShuriken,EXVS2,0x1415F0B08,0x14068E280
057BUILDD,002ZEROMR,002,BunshinMuffler,EXVS2,0x1415F1450,0x14068E280
057BUILDD,002ZEROMR,002,FreeFallFireworksBall,EXVS2,0x1415F0FB0,0x14068E280
057BUILDD,002ZEROMR,002,MufflerSticker,EXVS2,0x1415F1380,0x14068E280
057BUILDD,002ZEROMR,002,SpThrowShieldShuriken,EXVS2,0x1415F0CC8,0x14068E280
057BUILDD,002ZEROMR,002,ThrowHattori,EXVS2,0x1415F0F10,0x14068E280
057BUILDD,002ZEROMR,002,ThrowShieldShuriken,EXVS2,0x1415F0BE8,0x14068E280
057BUILDD,003OOSKY,001,LancerMissile,EXVS2,0x1415F16C0,0x14068E280
057BUILDD,003OOSKY,001,ThrowClusterMissile,EXVS2,0x1415F17A0,0x14068E280
057BUILDD,003OOSKY,001,ThrowKapool,EXVS2,0x1415F1608,0x14068E280
058VLPRGS,001OVERON,001,Anchor,EXVS2,0x1415F1DB0,0x14068E280
058VLPRGS,001OVERON,001,AssistMessalaGlashtinRush,EXVS2,0x1415F19D8,0x14068E280
058VLPRGS,001OVERON,001,AssistMessalaGlashtinShot,EXVS2,0x1415F1AE0,0x14068E280
058VLPRGS,001OVERON,001,Grips_Curse,EXVS2,0x1415F18E0,0x14068E280
058VLPRGS,001OVERON,001,Grips_Curse_Entry,EXVS2,0x1415F1840,0x14068E280
058VLPRGS,001OVERON,001,PsychoFlareLandingPredictionMarker,EXVS2,0x1415F1CD8,0x14068E280
058VLPRGS,001OVERON,001,PsychoFlareOrpheus,EXVS2,0x14161F900,0x14068E280
058VLPRGS,001OVERON,001,ReleaseMessalaGlashtin,EXVS2,0x1415F1BC8,0x14068E280
058VLPRGS,001OVERON,001,RifleThrowShot,EXVS2,0x1415F1EB0,0x14068E280
059NEXTGN,001NEXTGE,001,BomberKnuckleDummyBullet,EXVS2,0x1415F2638,0x14068E280
059NEXTGN,001NEXTGE,001,BomberKnuckleEntry,EXVS2,0x1415F1FB0,0x14068E280
059NEXTGN,001NEXTGE,001,BomberKnuckleFrontExp,EXVS2,0x1415F2558,0x14068E280
059NEXTGN,001NEXTGE,001,BomberKnucklePillarSE,EXVS2,0x1415F26D8,0x14068E280
059NEXTGN,001NEXTGE,001,FunnelDiffusionFly,EXVS2,0x1415F2270,0x14068E280
059NEXTGN,001NEXTGE,001,FunnelFly,EXVS2,0x1415F2108,0x14068E280
059NEXTGN,001NEXTGE,001,FunnelFlySword,EXVS2,0x1415F28D8,0x14068E280
059NEXTGN,001NEXTGE,001,HitStickExplosion,EXVS2,0x1415F24B8,0x14068E280
059NEXTGN,001NEXTGE,001,LightningBlade,EXVS2,0x1415F2418,0x14068E280
059NEXTGN,001NEXTGE,001,LightningBladePorori,EXVS2,0x1415F2778,0x14068E280
059NEXTGN,001NEXTGE,002,BomberKnuckleDummyBullet,EXVS2,0x1415F3050,0x14068E280
059NEXTGN,001NEXTGE,002,BomberKnuckleEntry,EXVS2,0x1415F29D8,0x14068E280
059NEXTGN,001NEXTGE,002,BomberKnuckleFrontExp,EXVS2,0x1415F2F70,0x14068E280
059NEXTGN,001NEXTGE,002,BomberKnucklePillarSE,EXVS2,0x1415F30F0,0x14068E280
059NEXTGN,001NEXTGE,002,FunnelDiffusionFly,EXVS2,0x1415F2C88,0x14068E280
059NEXTGN,001NEXTGE,002,FunnelFly,EXVS2,0x1415F2B30,0x14068E280
059NEXTGN,001NEXTGE,002,FunnelFlySword,EXVS2,0x1415F32F0,0x14068E280
059NEXTGN,001NEXTGE,002,HitStickExplosion,EXVS2,0x1415F2ED0,0x14068E280
059NEXTGN,001NEXTGE,002,LightningBlade,EXVS2,0x1415F2E30,0x14068E280
059NEXTGN,001NEXTGE,002,LightningBladePorori,EXVS2,0x1415F3190,0x14068E280
059NEXTGN,002NEXTGX,001,AssistBeamShot,EXVS2,0x1415F3700,0x14068E280
059NEXTGN,002NEXTGX,001,AssistGatlingMissileShot,EXVS2,0x1415F3400,0x14068E280
059NEXTGN,002NEXTGX,001,AssistGmRushShot,EXVS2,0x1415F3510,0x14068E280
059NEXTGN,002NEXTGX,001,AssistRushGrap,EXVS2,0x1415F3B58,0x14068E280
059NEXTGN,002NEXTGX,001,SlideHomingBeam,EXVS2,0x1415F35F0,0x14068E280
059NEXTGN,002NEXTGX,001,ThrowRaikiri,EXVS2,0x1415F3900,0x14068E280
059NEXTGN,002NEXTGX,001,XdollDocking,EXVS2,0x1415F37D0,0x14068E280
059NEXTGN,002NEXTGX,001,XdollWinlose,EXVS2,0x1415F39A8,0x14068E280
059NEXTGN,002NEXTGX,001,XdollWinlosePv,EXVS2,0x1415F3A50,0x14068E280
059NEXTGN,002NEXTGX,002,AssistBeamShot,EXVS2,0x1415F3F68,0x14068E280
059NEXTGN,002NEXTGX,002,AssistGatlingMissileShot,EXVS2,0x1415F3C68,0x14068E280
059NEXTGN,002NEXTGX,002,AssistGmRushShot,EXVS2,0x1415F3D78,0x14068E280
059NEXTGN,002NEXTGX,002,AssistRushGrap,EXVS2,0x1415F43C0,0x14068E280
059NEXTGN,002NEXTGX,002,SlideHomingBeam,EXVS2,0x1415F3E58,0x14068E280
059NEXTGN,002NEXTGX,002,ThrowRaikiri,EXVS2,0x1415F4168,0x14068E280
059NEXTGN,002NEXTGX,002,XdollDocking,EXVS2,0x1415F4038,0x14068E280
059NEXTGN,002NEXTGX,002,XdollWinlose,EXVS2,0x1415F4210,0x14068E280
059NEXTGN,002NEXTGX,002,XdollWinlosePv,EXVS2,0x1415F42B8,0x14068E280
059NEXTGN,003NEXTGV,001,TailBeam,EXVS2,0x1415F44A0,0x14068E280
059NEXTGN,003NEXTGV,002,TailBeam,EXVS2,0x1415F4580,0x14068E280
059NEXTGN,004NEXTGS,001,AssistBunshinRush,EXVS2,0x1415F4B18,0x14068E280
059NEXTGN,004NEXTGS,001,AssistBunshinThrowKunai,EXVS2,0x1415F4BC0,0x14068E280
059NEXTGN,004NEXTGS,001,BeamKunai,EXVS2,0x1415F4900,0x14068E280
059NEXTGN,004NEXTGS,001,BeamShotelBunriThrow,EXVS2,0x1415F4740,0x14068E280
059NEXTGN,004NEXTGS,001,BeamShotelThrow,EXVS2,0x1415F4660,0x14068E280
059NEXTGN,004NEXTGS,001,SummonRock,EXVS2,0x1415F49E0,0x14068E280
059NEXTGN,004NEXTGS,001,SummonRockEffect,EXVS2,0x1415F4C60,0x14068E280
059NEXTGN,004NEXTGS,001,SummonRockEntry,EXVS2,0x1415F4D58,0x14068E280
059NEXTGN,004NEXTGS,001,ToumeiKunaiShot,EXVS2,0x1415F4E60,0x14068E280
059NEXTGN,004NEXTGS,001,_BeamCaltrop,EXVS2,0x1415F4828,0x14068E280
059NEXTGN,004NEXTGS,002,AssistBunshinRush,EXVS2,0x1415F53F0,0x14068E280
059NEXTGN,004NEXTGS,002,AssistBunshinThrowKunai,EXVS2,0x1415F5498,0x14068E280
059NEXTGN,004NEXTGS,002,BeamCaltrop,EXVS2,0x1415F5110,0x14068E280
059NEXTGN,004NEXTGS,002,BeamKunai,EXVS2,0x1415F51D8,0x14068E280
059NEXTGN,004NEXTGS,002,BeamShotelBunriThrow,EXVS2,0x1415F5028,0x14068E280
059NEXTGN,004NEXTGS,002,BeamShotelThrow,EXVS2,0x1415F4F48,0x14068E280
059NEXTGN,004NEXTGS,002,SummonRock,EXVS2,0x1415F52B8,0x14068E280
059NEXTGN,004NEXTGS,002,SummonRockEffect,EXVS2,0x1415F5538,0x14068E280
059NEXTGN,004NEXTGS,002,SummonRockEntry,EXVS2,0x1415F5630,0x14068E280
059NEXTGN,004NEXTGS,002,ToumeiKunaiShot,EXVS2,0x1415F5738,0x14068E280
062BLDDRR,001EARTHR,001,AssistMarsArmorRush,EXVS2,0x1415F5838,0x14068E280
062BLDDRR,001EARTHR,001,AssistVenusArmorShot,EXVS2,0x1415F5950,0x14068E280
062BLDDRR,001EARTHR,001,FreeFallParts,EXVS2,0x1415F6428,0x14068E280
062BLDDRR,001EARTHR,001,FunnelAdzamLeader,EXVS2,0x1415F65C0,0x14068E280
062BLDDRR,001EARTHR,001,JupitiveManiferBitShot,EXVS2,0x1415F5BA0,0x14068E280
062BLDDRR,001EARTHR,001,JupitiveMultiContainerBitCommon,EXVS2,0x1415F5C20,0x140EE0D30
062BLDDRR,001EARTHR,001,JupitiveMultiContainerBitFriend,EXVS2,0x1415F5EC0,0x14068E280
062BLDDRR,001EARTHR,001,JupitiveMultiContainerBitSelf,EXVS2,0x1415F5D50,0x14068E280
062BLDDRR,001EARTHR,001,MarsfourVSlashEffectStick,EXVS2,0x1415F5F60,0x14068E280
062BLDDRR,001EARTHR,001,SpAssistVenusArmorRush,EXVS2,0x1415F6388,0x14068E280
062BLDDRR,001EARTHR,001,SpEarthreePartsShot,EXVS2,0x1415F60F8,0x14068E280
062BLDDRR,001EARTHR,001,SpPartsMissile,EXVS2,0x1415F6A68,0x14068E280
062BLDDRR,001EARTHR,001,SpShieldShot,EXVS2,0x1415F68A8,0x14068E280
062BLDDRR,001EARTHR,001,SpShieldsMissile,EXVS2,0x1415F6988,0x14068E280
062BLDDRR,001EARTHR,001,SpVeetwoBackpackShot,EXVS2,0x1415F6290,0x14068E280
062BLDDRR,001EARTHR,001,ThrowAdzamLeader,EXVS2,0x1415F5A30,0x14068E280
062BLDDRR,001EARTHR,001,ThrowDoubleBeam,EXVS2,0x1415F66A0,0x14068E280
066SUISEI,001AERIAL,001,GunBitAttachRifle,EXVS2,0x1415F6FB8,0x14068E280
066SUISEI,001AERIAL,001,GunBitFlyShot,EXVS2,0x1415F6BE0,0x14068E280
066SUISEI,001AERIAL,001,GunBitGuard,EXVS2,0x1415F6ED8,0x14068E280
066SUISEI,001AERIAL,001,GunBitReturn,EXVS2,0x1415F7530,0x14068E280
066SUISEI,001AERIAL,001,GunBitSpFlyShot,EXVS2,0x1415F6D28,0x14068E280
066SUISEI,001AERIAL,001,GunBitStayShot,EXVS2,0x1415F7150,0x14068E280
066SUISEI,001AERIAL,001,GunBitSwarm,EXVS2,0x1415F7468,0x14068E280
066SUISEI,001AERIAL,001,GunBitTukimatoi,EXVS2,0x1415F72F0,0x14068E280
066SUISEI,002PHARCT,001,BeamSaberThrow,EXVS2,0x1415F7A58,0x14068E280
066SUISEI,002PHARCT,001,GunBitAttachRollingRush,EXVS2,0x1415F7978,0x14068E280
066SUISEI,002PHARCT,001,GunBitBeamJammer,EXVS2,0x1415F7680,0x14068E280
066SUISEI,002PHARCT,001,GunBitBeamJammerAiming,EXVS2,0x1415F77D0,0x14068E280
066SUISEI,002PHARCT,001,GunBitRollingRush,EXVS2,0x1415F7880,0x14068E280
066SUISEI,002PHARCT,001,GunBitSpFlyShot,EXVS2,0x1415F7C00,0x14068E280
066SUISEI,003DABALD,001,FunnelFlyRush,EXVS2,0x1415F7FD0,0x14068E280
066SUISEI,003DABALD,001,FunnelRush,EXVS2,0x1415F8120,0x14068E280
066SUISEI,003DABALD,001,FunnelShield,EXVS2,0x1415F8748,0x14068E280
066SUISEI,003DABALD,001,FunnelStay,EXVS2,0x1415F7E80,0x14068E280
066SUISEI,003DABALD,001,SpFunnelRush,EXVS2,0x1415F8418,0x14068E280
066SUISEI,003DABALD,001,SpFunnelRushAttack,EXVS2,0x1415F8598,0x14068E280
066SUISEI,003DABALD,001,SpFunnelStay,EXVS2,0x1415F82C0,0x14068E280
066SUISEI,003DABALD,001,ThrowPelletMine,EXVS2,0x1415F7CE0,0x14068E280
066SUISEI,004AERREB,001,GunBitFlyShot,EXVS2,0x1415F88D0,0x14068E280
066SUISEI,004AERREB,001,GunBitGuard,EXVS2,0x1415F8BC8,0x14068E280
066SUISEI,004AERREB,001,GunBitReturn,EXVS2,0x1415F9140,0x14068E280
066SUISEI,004AERREB,001,GunBitSpFlyShot,EXVS2,0x1415F8A18,0x14068E280
066SUISEI,004AERREB,001,GunBitStayShot,EXVS2,0x1415F8D60,0x14068E280
066SUISEI,004AERREB,001,GunBitSwarm,EXVS2,0x1415F9078,0x14068E280
066SUISEI,004AERREB,001,GunBitTukimatoi,EXVS2,0x1415F8F00,0x14068E280
066SUISEI,005AERERY,001,AssistGundNodeGrap,EXVS2,0x1415F9C68,0x14068E280
066SUISEI,005AERERY,001,AssistGundNodeGuard,EXVS2,0x1415F9D70,0x14068E280
066SUISEI,005AERERY,001,AssistGundNodeLaserGuard,EXVS2,0x1415F99B8,0x14068E280
066SUISEI,005AERERY,001,AssistGundNodeSaberRush,EXVS2,0x1415F9B28,0x14068E280
066SUISEI,005AERERY,001,DataStorm,EXVS2,0x1415F9880,0x14068E280
066SUISEI,005AERERY,001,DataStormEntry,EXVS2,0x1415F97E0,0x14068E280
066SUISEI,005AERERY,001,GunBitFlyShot,EXVS2,0x1415F9500,0x14068E280
066SUISEI,005AERERY,001,GunBitGuard,EXVS2,0x1415F95A0,0x14068E280
066SUISEI,005AERERY,001,GunBitMainShot,EXVS2,0x1415F9388,0x14068E280
066SUISEI,005AERERY,001,GunBitStayShot,EXVS2,0x1415F9738,0x14068E280
066SUISEI,005AERERY,001,GunBitWinLose,EXVS2,0x1415F9FC0,0x14068E280
066SUISEI,005AERERY,001,InterPlanetaryLaser,EXVS2,0x14162F990,0x14068E280
066SUISEI,005AERERY,001,LaserGuardSelf,EXVS2,0x1415F9E18,0x14068E280
066SUISEI,005AERERY,001,ResidingObjectGunBit,EXVS2,0x1415F91E8,0x14068E280
068FREEDM,001RISFRE,001,AssistHissatsuJustic,EXVS2,0x1415FA128,0x14068E280
068FREEDM,001RISFRE,001,ShieldBoomerang,EXVS2,0x1415FA080,0x14068E280
068FREEDM,001RISFRE,001,ShieldBoomerangHasei,EXVS2,0x1415FA1F0,0x14068E280
068FREEDM,001RISFRE,001,SpBeamBoomerang,EXVS2,0x1415FA2A8,0x14068E280
068FREEDM,002INJ2ND,001,AttachChangeLifter,EXVS2,0x1415FA818,0x14068E280
068FREEDM,002INJ2ND,001,AttachLifterToJustic,EXVS2,0x1415FA8B8,0x14068E280
068FREEDM,002INJ2ND,001,CabarierRushShot,EXVS2,0x1415FA3C8,0x14068E280
068FREEDM,002INJ2ND,001,GrappleStinger,EXVS2,0x1415FA4C0,0x14068E280
068FREEDM,002INJ2ND,001,Lifter,EXVS2,0x1415FA578,0x14068E280
068FREEDM,002INJ2ND,001,ReleaseCabarier,EXVS2,0x1415FA720,0x14068E280
068FREEDM,002INJ2ND,001,ShiningEdge,EXVS2,0x1415FA628,0x14068E280
501GUNDAM,004ZEONG0,001,HandFly,EXVS2,0x1416634F8,0x14068E280
502ZGUNDM,015HIZACK,001,AssistSp,EXVS2,0x1416635E8,0x14068E280
503ZZGNDM,002QUBMK2,001,FunnelYokoretsuDynamic,EXVS2,0x141663780,0x14068E280
503ZZGNDM,003QUBELY,001,FunnelPodlaunch,EXVS2,0x1416638C8,0x14068E280
505VGUNDM,712CONTIO,001,ShotclawFlysword,EXVS2,0x141663A18,0x14068E280
510TURNAG,705ASTGAM,001,SqueezeWeaponWire,EXVS2,0x141663AF0,0x14068E280
514GNDM00,007REBONS,001,FinFang_Large,EXVS2,0x141663C48,0x14068E280
514GNDM00,008THDREI,001,NotifyStealth,EXVS2,0x141663D18,0x14068E280
515GNDMUC,002KSHATR,001,FunnelFlyNormal,EXVS2,0x141663E68,0x14068E280
515GNDMUC,006ROZENZ,001,PsycoJammer,EXVS2,0x141663FB8,0x14068E280
515GNDMUC,006ROZENZ,001,PsycoJammerCore,EXVS2,0x141664108,0x14068E280
517GYAKCH,001NEWGUN,001,Funnel,EXVS2,0x1416642C0,0x14068E280
517GYAKCH,002SAZABI,001,FunnelFly,EXVS2,0x141664408,0x14068E280
520GNSEED,003PRVDNC,001,FunnelSmallFly,EXVS2,0x141664558,0x14068E280
521DESTNY,005IMPULS,001,ShieldReflect,EXVS2,0x141664638,0x14068E280
521DESTNY,007LEGEND,001,FunnelTukimatoi,EXVS2,0x1416647D8,0x14068E280
521DESTNY,702CHAOGN,001,FunnelFly,EXVS2,0x141664A68,0x14068E280
521DESTNY,708STRKFR,001,FunnelShot,EXVS2,0x1416A5D98,0x14068E280
526GNBELT,001HINGND,001,FinFunnelFly,EXVS2,0x141664BE0,0x14068E280
526GNBELT,002NITNGL,001,FunnelShot,EXVS2,0x141664D78,0x14068E280
545MISING,702ZK2PSY,001,HandFly,EXVS2,0x141665078,0x14068E280
545MISING,702ZK2PSY,001,HandPunch,EXVS2,0x141664F28,0x14068E280
553GBFTRY,701THEEND,001,FangRush,EXVS2,0x141665158,0x14068E280
566SUISEI,703GUNDND,001,ReleaseMA,EXVS2,0x141665240,0x14068E280
568FREEDM,701IMOJUS,001,BeamBoomerang,EXVS2,0x1416652F0,0x14068E280
601GUNDAM,002BYGZAM,001,FootClaw,EXVS2,0x1416653D0,0x14068E280
601GUNDAM,002BYGZAM,001,StickerLaser,EXVS2,0x141665478,0x14068E280
601GUNDAM,002BYGZAM,001,StickerLaserSwing,EXVS2,0x141665520,0x14068E280
601GUNDAM,003ADZAM0,001,ThrowLeader,EXVS2,0x141665600,0x14068E280
601GUNDAM,005ELMETH,001,BitMawarikomi,EXVS2,0x141665A70,0x14068E280
601GUNDAM,005ELMETH,001,BitStayShift,EXVS2,0x141665F30,0x14068E280
601GUNDAM,007PZEONG,001,HandFly,EXVS2,0x141666148,0x14068E280
601GUNDAM,007PZEONG,001,HandPunch,EXVS2,0x141666000,0x14068E280
603ZZGNDM,001PSYGN2,001,HandFly,EXVS2,0x141666290,0x14068E280
603ZZGNDM,001PSYGN2,001,ReflectorBit,EXVS2,0x141666428,0x14068E280
603ZZGNDM,002QUINMN,001,FunnelFly1,EXVS2,0x141666598,0x14068E280
603ZZGNDM,002QUINMN,001,FunnelFly2,EXVS2,0x1416666B0,0x14068E280
603ZZGNDM,002QUINMN,001,FunnelFront,EXVS2,0x1416669E0,0x14068E280
603ZZGNDM,002QUINMN,001,FunnelNet,EXVS2,0x141666848,0x14068E280
603ZZGNDM,002QUINMN,001,FunnelRensha,EXVS2,0x141666B28,0x14068E280
603ZZGNDM,002QUINMN,001,FunnelTukimatoi,EXVS2,0x141666CC0,0x14068E280
613GNDMSM,001DENDRO,001,ThrowMicroSet,EXVS2,0x141667010,0x14068E280
614GNDM00,002ALVTRE,001,FangLaser,EXVS2,0x141666F50,0x14068E280
614GNDM00,002ALVTRE,001,FangShot,EXVS2,0x141666E08,0x14068E280
615GNDMUC,001SHMBLO,001,FunnelMovePoint,EXVS2,0x1416670B8,0x14068E280
615GNDMUC,001SHMBLO,001,FunnelReflect,EXVS2,0x1416672F8,0x14068E280
615GNDMUC,001SHMBLO,001,FunnelResident,EXVS2,0x1416673D0,0x14068E280
615GNDMUC,001SHMBLO,001,FunnelTransparentLaser,EXVS2,0x141667250,0x14068E280
623CROSGN,001DIVINI,001,TransparentStickerAttack,EXVS2,0x141667470,0x14068E280
642GRECON,001GRACH0,001,BifrestBit,EXVS2,0x1416675B8,0x14068E280
642GRECON,001GRACH0,001,BifrestBitLaser,EXVS2,0x141667700,0x14068E280
651BUILDF,001PSYCGM,001,ReflectorBit,EXVS2,0x141667848,0x14068E280
651BUILDF,001PSYCGM,001,ReflectorBitRensha,EXVS2,0x141667998,0x14068E280
654GEXVS2,001GLSHOT,001,ClawHobaku,EXVS2,0x141667B50,0x14068E280
654GEXVS2,001GLSHOT,001,ThrowMissilePod,EXVS2,0x141667A78,0x14068E280
654GEXVS2,002GLFIGH,001,Wirenet,EXVS2,0x141667C38,0x14068E280
654GEXVS2,003GLFUNL,001,FunnelAttachChangeAutomata,EXVS2,0x141668450,0x14068E280
654GEXVS2,003GLFUNL,001,FunnelFly,EXVS2,0x141667D80,0x14068E280
654GEXVS2,003GLFUNL,001,FunnelFlyMachineGun,EXVS2,0x1416686A0,0x14068E280
654GEXVS2,003GLFUNL,001,FunnelFlyMachineGunRensha,EXVS2,0x1416687E8,0x14068E280
654GEXVS2,003GLFUNL,001,FunnelFlyRensha,EXVS2,0x141668208,0x14068E280
654GEXVS2,003GLFUNL,001,FunnelFlySword,EXVS2,0x141668358,0x14068E280
654GEXVS2,003GLFUNL,001,FunnelResident,EXVS2,0x1416688C0,0x14068E280
654GEXVS2,003GLFUNL,001,FunnelShotCircle,EXVS2,0x141667F20,0x14068E280
654GEXVS2,003GLFUNL,001,FunnelShotLine,EXVS2,0x1416680B8,0x14068E280
654GEXVS2,003GLFUNL,001,FunnelTransparentLaser,EXVS2,0x141668BF0,0x14068E280
654GEXVS2,003GLFUNL,001,FunnelTransparentShot,EXVS2,0x141668A58,0x14068E280
654GEXVS2,003GLFUNL,001,TransparentShooter,EXVS2,0x141668558,0x14068E280
703ZZGNDM,001MPQUBE,001,FunnelShot,EXVS2,0x141668D38,0x14068E280
703ZZGNDM,001MPQUBE,001,FunnelYokoretsu,EXVS2,0x141668ED0,0x14068E280
705CGUNDM,003RIGCNT,001,ShotClaw,EXVS2,0x141669160,0x14068E280
717GYAKCH,002JGDGQS,001,FunnelFly,EXVS2,0x141669018,0x14068E280
720GNSEED,010MBUSZR,001,GunBarrel,EXVS2,0x1416692A8,0x14068E280
721DESTNY,002CHAOGN,001,FunnelFly,EXVS2,0x141664920,0x14068E280
726GNBELT,001PSDOGA,001,FunnelFly,EXVS2,0x141669410,0x14068E280
742GRECON,005GRIMOR,001,WireHook,EXVS2,0x1416694F0,0x14068E280
743ORPHAN,008SCGZGE,001,Anchor,EXVS2,0x1416695C0,0x14068E280
743ORPHAN,009SCGZMC,001,Anchor,EXVS2,0x141669690,0x14068E280
745MISING,002ZK2PSY,001,HandFly,EXVS2,0x1416697E0,0x14068E280
745MISING,002ZK2PSY,001,HandPunch,EXVS2,0x141664E58,0x14068E280
749ORPHN2,003LNDMNR,001,ThrowHummerRolling,EXVS2,0x141669898,0x14068E280
756GNDMNT,003JSTSTC,001,Net,EXVS2,0x141669978,0x14068E280
999TESTXX,004SINANJ,001,FunnelFly,EXVS2,0x1415FAAE0,0x14068E280
999TESTXX,004SINANJ,001,Throw_Saber,EXVS2,0x1415FA998,0x14068E280
999TESTXX,006COST01,001,FunnelFly,EXVS2,0x1415FAD88,0x14068E280
999TESTXX,006COST01,001,FunnelMissile,EXVS2,0x1415FAC38,0x14068E280
999TESTXX,007COST02,001,FunnelFlyNormal,EXVS2,0x1415FAED8,0x14068E280
999TESTXX,008COST03,001,ShotClawFlyRush,EXVS2,0x1415FB458,0x14068E280
999TESTXX,008COST03,001,ShotClawRush,EXVS2,0x1415FB308,0x14068E280
999TESTXX,008COST03,001,ShotClawShot,EXVS2,0x1415FB1B8,0x14068E280
999TESTXX,009COST04,001,FunnelFly,EXVS2,0x1415FB5A0,0x14068E280
999TESTXX,025PLAN04,001,ThrowShield,EXVS2,0x1415FB7C8,0x14068E280
999TESTXX,026PROG02,001,AssistWingGundamBird,EXVS2,0x1415FBA20,0x14068E280
999TESTXX,026PROG02,001,FunnelFlyNormal,EXVS2,0x1415FB918,0x14068E280
999TESTXX,029PLAN07,,0011_AssistCalamityLaser,EXVS2,0x1415FBF68,0x14068E280
999TESTXX,029PLAN07,,0011_Winlose,EXVS2,0x1415FC330,0x14068E280
999TESTXX,029PLAN07,001,AssistCalamity,EXVS2,0x1415FBE60,0x14068E280
999TESTXX,029PLAN07,001,AssistRaider,EXVS2,0x1415FC068,0x14068E280
999TESTXX,029PLAN07,001,AssistRaiderCalamity,EXVS2,0x1415FC160,0x14068E280
999TESTXX,029PLAN07,001,AssistRaiderMA,EXVS2,0x1415FC288,0x14068E280
999TESTXX,029PLAN07,001,ReflectBeam,EXVS2,0x1415FC410,0x14068E280
999TESTXX,030PLAN08,001,FunnelBeamCurtain,EXVS2,0x1415FC558,0x14068E280
999TESTXX,030PLAN08,001,FunnelBeamCurtainRensha,EXVS2,0x1415FC6A0,0x14068E280
999TESTXX,030PLAN08,001,FunnelLargeStay,EXVS2,0x1415FC840,0x14068E280
999TESTXX,030PLAN08,001,FunnelSmallFly,EXVS2,0x1415FC988,0x14068E280
999TESTXX,030PLAN08,001,FunnelSmallStay,EXVS2,0x1415FCB60,0x14068E280
999TESTXX,030PLAN08,001,FunnelSmallStayShot,EXVS2,0x1415FCD00,0x14068E280
999TESTXX,030PLAN08,001,HissatsuFunnelSpear,EXVS2,0x1415FCE48,0x14068E280
999TESTXX,030PLAN08,001,HissatsuFunnelSwarm,EXVS2,0x1415FCFC0,0x14068E280
999TESTXX,032PLAN10,001,HammerShot,EXVS2,0x1415FD0A0,0x14068E280
999TESTXX,032PLAN10,001,NuclearMissile,EXVS2,0x1415FD180,0x14068E280
999TESTXX,033PLAN11,001,FunnelFly,EXVS2,0x1415FD2D0,0x14068E280
999TESTXX,033PLAN11,001,FunnelShot,EXVS2,0x141634EB8,0x14068E280
999TESTXX,034PLAN12,001,GrappleStinger,EXVS2,0x1415FD488,0x14068E280
999TESTXX,034PLAN12,001,Lifter,EXVS2,0x1415FD540,0x14068E280
999TESTXX,034PLAN12,001,ShiningEdge,EXVS2,0x1415FD3B8,0x14068E280
999TESTXX,035PLAN13,001,BeamBoomerang,EXVS2,0x1415FD5F0,0x14068E280
999TESTXX,036PLAN14,001,AssistForceImpulse,EXVS2,0x1415FD790,0x14068E280
999TESTXX,036PLAN14,001,ThrowGrenade,EXVS2,0x1415FD888,0x14068E280
999TESTXX,040PLAN17,001,AssistHuunsaikiRushKijou,EXVS2,0x1415FDC60,0x14068E280
999TESTXX,040PLAN17,001,GodShadow,EXVS2,0x1415FD948,0x14068E280
999TESTXX,040PLAN17,001,GodSlash,EXVS2,0x1415FDA50,0x14068E280
999TESTXX,040PLAN17,001,KingOfHeart,EXVS2,0x1415FDD40,0x14068E280
999TESTXX,040PLAN17,001,Tenkyouken,EXVS2,0x1415FDE20,0x14068E280
999TESTXX,040PLAN17,001,XShockWave,EXVS2,0x1415FDF08,0x14068E280
999TESTXX,042PLAN19,001,PsychoFieldEffect,EXVS2,0x1415FE398,0x14068E280
999TESTXX,042PLAN19,001,RblDivContainer,EXVS2,0x1415FE2F8,0x14068E280
999TESTXX,042PLAN19,001,RblHydeContainer,EXVS2,0x1415FE218,0x14068E280
999TESTXX,042PLAN19,001,RblHydepump,EXVS2,0x1415FE138,0x14068E280
999TESTXX,042PLAN19,001,RblMissile,EXVS2,0x1415FE058,0x14068E280
999TESTXX,045PLAN22,001,AssistMesserGrap,EXVS2,0x1415FE560,0x14068E280
999TESTXX,045PLAN22,001,AssistMesserSaberRush,EXVS2,0x1415FE690,0x14068E280
999TESTXX,045PLAN22,001,ThrowBeamRifle,EXVS2,0x1415FE450,0x14068E280
999TESTXX,049PLAN26,001,FunnelLargeStay,EXVS2,0x1415FEF70,0x14068E280
999TESTXX,049PLAN26,001,FunnelSmallFly,EXVS2,0x1415FE7D8,0x14068E280
999TESTXX,049PLAN26,001,FunnelSmallStay,EXVS2,0x1415FE970,0x14068E280
999TESTXX,049PLAN26,001,FunnelSmallStayShot,EXVS2,0x1415FEB10,0x14068E280
999TESTXX,049PLAN26,001,GenesisLaser,EXVS2,0x1415FF078,0x14068E280
999TESTXX,049PLAN26,001,HissatsuFunnelLargeSpear,EXVS2,0x1415FF1C0,0x14068E280
999TESTXX,049PLAN26,001,HissatsuFunnelSpear,EXVS2,0x1415FEC58,0x14068E280
999TESTXX,049PLAN26,001,HissatsuFunnelSwarm,EXVS2,0x1415FEDD0,0x14068E280
999TESTXX,050PLAN27,001,FunnelControl,EXVS2,0x1415FF308,0x14068E280
999TESTXX,050PLAN27,001,FunnelFlyShot,EXVS2,0x1415FFC18,0x14068E280
999TESTXX,050PLAN27,001,FunnelPutAbstract,EXVS2,0x1415FF450,0x14068E280
999TESTXX,050PLAN27,001,FunnelShot,EXVS2,0x1415FF8B8,0x14068E280
999TESTXX,050PLAN27,001,FunnelYokoretsuDynamic,EXVS2,0x1415FF770,0x14068E280
999TESTXX,050PLAN27,001,HissatsuAutoFunnel,EXVS2,0x1415FF5D0,0x14068E280
999TESTXX,050PLAN27,001,HissatsuFunnel,EXVS2,0x1415FFA30,0x14068E280
999TESTXX,050PLAN27,001,ResidingObjectQubeleyFunnel,EXVS2,0x1415FFAD0,0x14068E280
